{
  "sorting_8": {
    "accuracy": {
      "mean": 1.0,
      "std": 0.0
    },
    "instruction_followed": {
      "mean": 1.0,
      "std": 0.0
    },
    "response_length": {
      "mean": 456.52,
      "std": 119.932
    },
    "word_count": {
      "mean": 79.43,
      "std": 20.0597
    },
    "output_tokens": {
      "mean": 199.6,
      "std": 43.3742
    }
  },
  "sorting_16": {
    "accuracy": {
      "mean": 0.8033,
      "std": 0.0309
    },
    "instruction_followed": {
      "mean": 1.0,
      "std": 0.0
    },
    "response_length": {
      "mean": 518.7,
      "std": 160.1515
    },
    "word_count": {
      "mean": 92.91,
      "std": 27.8024
    },
    "output_tokens": {
      "mean": 287.34,
      "std": 76.9165
    }
  },
  "comparison": {
    "accuracy": {
      "mean": 0.9967,
      "std": 0.0047
    },
    "instruction_followed": {
      "mean": 1.0,
      "std": 0.0
    },
    "response_length": {
      "mean": 518.7,
      "std": 160.1515
    },
    "word_count": {
      "mean": 92.91,
      "std": 27.8024
    },
    "output_tokens": {
      "mean": 287.34,
      "std": 76.9165
    }
  },
  "even_count_8": {
    "accuracy": {
      "mean": 0.9767,
      "std": 0.0125
    },
    "instruction_followed": {
      "mean": 1.0,
      "std": 0.0
    },
    "response_length": {
      "mean": 453.38,
      "std": 121.3763
    },
    "word_count": {
      "mean": 90.3,
      "std": 23.7627
    },
    "output_tokens": {
      "mean": 173.68,
      "std": 46.3292
    }
  },
  "even_count_16": {
    "accuracy": {
      "mean": 0.7867,
      "std": 0.0262
    },
    "instruction_followed": {
      "mean": 1.0,
      "std": 0.0
    },
    "response_length": {
      "mean": 559.99,
      "std": 147.3457
    },
    "word_count": {
      "mean": 115.92,
      "std": 32.1383
    },
    "output_tokens": {
      "mean": 238.85,
      "std": 67.5513
    }
  },
  "find_minimum_8": {
    "accuracy": {
      "mean": 0.99,
      "std": 0.0082
    },
    "instruction_followed": {
      "mean": 1.0,
      "std": 0.0
    },
    "response_length": {
      "mean": 616.13,
      "std": 203.5908
    },
    "word_count": {
      "mean": 104.63,
      "std": 35.0345
    },
    "output_tokens": {
      "mean": 222.2,
      "std": 75.9878
    }
  },
  "find_minimum_16": {
    "accuracy": {
      "mean": 0.92,
      "std": 0.0163
    },
    "instruction_followed": {
      "mean": 1.0,
      "std": 0.0
    },
    "response_length": {
      "mean": 699.67,
      "std": 334.1307
    },
    "word_count": {
      "mean": 118.4,
      "std": 54.5175
    },
    "output_tokens": {
      "mean": 275.9,
      "std": 134.3823
    }
  },
  "mean_8": {
    "accuracy": {
      "mean": 0.6533,
      "std": 0.0579
    },
    "instruction_followed": {
      "mean": 1.0,
      "std": 0.0
    },
    "response_length": {
      "mean": 661.18,
      "std": 142.841
    },
    "word_count": {
      "mean": 137.96,
      "std": 32.6608
    },
    "output_tokens": {
      "mean": 311.81,
      "std": 75.8819
    }
  },
  "mean_16": {
    "accuracy": {
      "mean": 0.5067,
      "std": 0.0287
    },
    "instruction_followed": {
      "mean": 1.0,
      "std": 0.0
    },
    "response_length": {
      "mean": 986.7,
      "std": 194.657
    },
    "word_count": {
      "mean": 224.11,
      "std": 55.7578
    },
    "output_tokens": {
      "mean": 548.54,
      "std": 141.5505
    }
  }
}