{
  "sorting_8": {
    "accuracy": {
      "mean": 0.9933,
      "std": 0.0047
    },
    "instruction_followed": {
      "mean": 1.0,
      "std": 0.0
    },
    "response_length": {
      "mean": 457.11,
      "std": 143.722
    },
    "word_count": {
      "mean": 79.56,
      "std": 24.3649
    },
    "output_tokens": {
      "mean": 200.57,
      "std": 52.9514
    }
  },
  "sorting_16": {
    "accuracy": {
      "mean": 0.8867,
      "std": 0.0125
    },
    "instruction_followed": {
      "mean": 1.0,
      "std": 0.0
    },
    "response_length": {
      "mean": 513.08,
      "std": 161.7112
    },
    "word_count": {
      "mean": 91.29,
      "std": 27.3738
    },
    "output_tokens": {
      "mean": 283.02,
      "std": 72.6217
    }
  },
  "comparison": {
    "accuracy": {
      "mean": 1.0,
      "std": 0.0
    },
    "instruction_followed": {
      "mean": 1.0,
      "std": 0.0
    },
    "response_length": {
      "mean": 513.08,
      "std": 161.7112
    },
    "word_count": {
      "mean": 91.29,
      "std": 27.3738
    },
    "output_tokens": {
      "mean": 283.02,
      "std": 72.6217
    }
  },
  "even_count_8": {
    "accuracy": {
      "mean": 0.95,
      "std": 0.0141
    },
    "instruction_followed": {
      "mean": 1.0,
      "std": 0.0
    },
    "response_length": {
      "mean": 442.27,
      "std": 127.4617
    },
    "word_count": {
      "mean": 87.65,
      "std": 25.4071
    },
    "output_tokens": {
      "mean": 169.41,
      "std": 49.5838
    }
  },
  "even_count_16": {
    "accuracy": {
      "mean": 0.8133,
      "std": 0.0309
    },
    "instruction_followed": {
      "mean": 1.0,
      "std": 0.0
    },
    "response_length": {
      "mean": 568.25,
      "std": 162.7731
    },
    "word_count": {
      "mean": 117.7,
      "std": 34.6421
    },
    "output_tokens": {
      "mean": 241.72,
      "std": 71.8358
    }
  },
  "find_minimum_8": {
    "accuracy": {
      "mean": 0.9667,
      "std": 0.0125
    },
    "instruction_followed": {
      "mean": 1.0,
      "std": 0.0
    },
    "response_length": {
      "mean": 633.32,
      "std": 192.991
    },
    "word_count": {
      "mean": 107.92,
      "std": 33.5397
    },
    "output_tokens": {
      "mean": 225.81,
      "std": 71.7031
    }
  },
  "find_minimum_16": {
    "accuracy": {
      "mean": 0.89,
      "std": 0.0082
    },
    "instruction_followed": {
      "mean": 1.0,
      "std": 0.0
    },
    "response_length": {
      "mean": 685.07,
      "std": 310.772
    },
    "word_count": {
      "mean": 116.8,
      "std": 52.9176
    },
    "output_tokens": {
      "mean": 267.26,
      "std": 126.8017
    }
  },
  "mean_8": {
    "accuracy": {
      "mean": 0.6067,
      "std": 0.0368
    },
    "instruction_followed": {
      "mean": 1.0,
      "std": 0.0
    },
    "response_length": {
      "mean": 662.24,
      "std": 134.6539
    },
    "word_count": {
      "mean": 137.75,
      "std": 31.0087
    },
    "output_tokens": {
      "mean": 311.44,
      "std": 72.2953
    }
  },
  "mean_16": {
    "accuracy": {
      "mean": 0.4933,
      "std": 0.017
    },
    "instruction_followed": {
      "mean": 1.0,
      "std": 0.0
    },
    "response_length": {
      "mean": 985.74,
      "std": 203.0376
    },
    "word_count": {
      "mean": 222.65,
      "std": 55.4353
    },
    "output_tokens": {
      "mean": 538.19,
      "std": 136.8466
    }
  }
}