{
  "sorting_8": {
    "accuracy": {
      "mean": 0.8967,
      "std": 0.0287
    },
    "instruction_followed": {
      "mean": 1.0,
      "std": 0.0
    },
    "response_length": {
      "mean": 353.63,
      "std": 242.1508
    },
    "word_count": {
      "mean": 60.11,
      "std": 40.9996
    },
    "output_tokens": {
      "mean": 133.98,
      "std": 79.9771
    }
  },
  "sorting_16": {
    "accuracy": {
      "mean": 0.5067,
      "std": 0.0386
    },
    "instruction_followed": {
      "mean": 1.0,
      "std": 0.0
    },
    "response_length": {
      "mean": 308.67,
      "std": 155.7068
    },
    "word_count": {
      "mean": 55.3,
      "std": 27.6735
    },
    "output_tokens": {
      "mean": 149.75,
      "std": 79.2836
    }
  },
  "comparison": {
    "accuracy": {
      "mean": 0.9967,
      "std": 0.0047
    },
    "instruction_followed": {
      "mean": 1.0,
      "std": 0.0
    },
    "response_length": {
      "mean": 252.86,
      "std": 27.81
    },
    "word_count": {
      "mean": 44.98,
      "std": 5.069
    },
    "output_tokens": {
      "mean": 71.35,
      "std": 7.4879
    }
  },
  "even_count_8": {
    "accuracy": {
      "mean": 1.0,
      "std": 0.0
    },
    "instruction_followed": {
      "mean": 1.0,
      "std": 0.0
    },
    "response_length": {
      "mean": 632.37,
      "std": 161.4131
    },
    "word_count": {
      "mean": 131.12,
      "std": 32.3247
    },
    "output_tokens": {
      "mean": 246.51,
      "std": 68.5185
    }
  },
  "even_count_16": {
    "accuracy": {
      "mean": 0.94,
      "std": 0.0216
    },
    "instruction_followed": {
      "mean": 1.0,
      "std": 0.0
    },
    "response_length": {
      "mean": 654.68,
      "std": 137.7589
    },
    "word_count": {
      "mean": 138.17,
      "std": 29.6802
    },
    "output_tokens": {
      "mean": 280.99,
      "std": 66.4722
    }
  },
  "find_minimum_8": {
    "accuracy": {
      "mean": 0.97,
      "std": 0.0082
    },
    "instruction_followed": {
      "mean": 1.0,
      "std": 0.0
    },
    "response_length": {
      "mean": 547.29,
      "std": 218.9871
    },
    "word_count": {
      "mean": 95.58,
      "std": 36.4813
    },
    "output_tokens": {
      "mean": 213.64,
      "std": 89.5158
    }
  },
  "find_minimum_16": {
    "accuracy": {
      "mean": 0.9733,
      "std": 0.0047
    },
    "instruction_followed": {
      "mean": 1.0,
      "std": 0.0
    },
    "response_length": {
      "mean": 549.46,
      "std": 340.8321
    },
    "word_count": {
      "mean": 96.29,
      "std": 58.0022
    },
    "output_tokens": {
      "mean": 218.78,
      "std": 131.5155
    }
  },
  "mean_8": {
    "accuracy": {
      "mean": 0.92,
      "std": 0.0141
    },
    "instruction_followed": {
      "mean": 1.0,
      "std": 0.0
    },
    "response_length": {
      "mean": 774.47,
      "std": 71.8177
    },
    "word_count": {
      "mean": 167.43,
      "std": 17.1629
    },
    "output_tokens": {
      "mean": 358.28,
      "std": 35.4513
    }
  },
  "mean_16": {
    "accuracy": {
      "mean": 0.64,
      "std": 0.0424
    },
    "instruction_followed": {
      "mean": 1.0,
      "std": 0.0
    },
    "response_length": {
      "mean": 1090.99,
      "std": 122.05
    },
    "word_count": {
      "mean": 251.47,
      "std": 39.8457
    },
    "output_tokens": {
      "mean": 606.91,
      "std": 98.3201
    }
  }
}