{
  "sorting_8": {
    "accuracy": {
      "mean": 0.92,
      "std": 0.0082
    },
    "instruction_followed": {
      "mean": 1.0,
      "std": 0.0
    },
    "response_length": {
      "mean": 165.92,
      "std": 61.0751
    },
    "word_count": {
      "mean": 28.19,
      "std": 10.8292
    },
    "output_tokens": {
      "mean": 105.43,
      "std": 22.6445
    }
  },
  "sorting_16": {
    "accuracy": {
      "mean": 0.38,
      "std": 0.0163
    },
    "instruction_followed": {
      "mean": 1.0,
      "std": 0.0
    },
    "response_length": {
      "mean": 339.48,
      "std": 181.3642
    },
    "word_count": {
      "mean": 59.96,
      "std": 31.8757
    },
    "output_tokens": {
      "mean": 239.2,
      "std": 93.819
    }
  },
  "sorting_32": {
    "accuracy": {
      "mean": 0.0,
      "std": 0.0
    },
    "instruction_followed": {
      "mean": 1.0,
      "std": 0.0
    },
    "response_length": {
      "mean": 691.83,
      "std": 229.2065
    },
    "word_count": {
      "mean": 124.11,
      "std": 40.9649
    },
    "output_tokens": {
      "mean": 503.52,
      "std": 164.2066
    }
  },
  "sorting_64": {
    "accuracy": {
      "mean": 0.0,
      "std": 0.0
    },
    "instruction_followed": {
      "mean": 1.0,
      "std": 0.0
    },
    "response_length": {
      "mean": 1182.05,
      "std": 124.5772
    },
    "word_count": {
      "mean": 213.13,
      "std": 22.1468
    },
    "output_tokens": {
      "mean": 972.37,
      "std": 108.2241
    }
  },
  "comparison": {
    "accuracy": {
      "mean": 1.0,
      "std": 0.0
    },
    "instruction_followed": {
      "mean": 1.0,
      "std": 0.0
    },
    "response_length": {
      "mean": 1182.05,
      "std": 124.5772
    },
    "word_count": {
      "mean": 213.13,
      "std": 22.1468
    },
    "output_tokens": {
      "mean": 972.37,
      "std": 108.2241
    }
  },
  "sum_8": {
    "accuracy": {
      "mean": 0.3533,
      "std": 0.0249
    },
    "instruction_followed": {
      "mean": 1.0,
      "std": 0.0
    },
    "response_length": {
      "mean": 299.29,
      "std": 76.2223
    },
    "word_count": {
      "mean": 69.89,
      "std": 20.8655
    },
    "output_tokens": {
      "mean": 167.43,
      "std": 55.779
    }
  },
  "sum_16": {
    "accuracy": {
      "mean": 0.02,
      "std": 0.0082
    },
    "instruction_followed": {
      "mean": 0.98,
      "std": 0.0216
    },
    "response_length": {
      "mean": 454.19,
      "std": 210.937
    },
    "word_count": {
      "mean": 119.12,
      "std": 67.9465
    },
    "output_tokens": {
      "mean": 289.24,
      "std": 173.8852
    }
  },
  "sum_32": {
    "accuracy": {
      "mean": 0.0033,
      "std": 0.0047
    },
    "instruction_followed": {
      "mean": 0.9267,
      "std": 0.0047
    },
    "response_length": {
      "mean": 563.98,
      "std": 273.0445
    },
    "word_count": {
      "mean": 151.92,
      "std": 87.4768
    },
    "output_tokens": {
      "mean": 370.82,
      "std": 218.2451
    }
  },
  "sum_64": {
    "accuracy": {
      "mean": 0.0,
      "std": 0.0
    },
    "instruction_followed": {
      "mean": 0.9867,
      "std": 0.0047
    },
    "response_length": {
      "mean": 656.44,
      "std": 188.5865
    },
    "word_count": {
      "mean": 176.03,
      "std": 57.5722
    },
    "output_tokens": {
      "mean": 442.13,
      "std": 147.7703
    }
  },
  "multiplication_2": {
    "accuracy": {
      "mean": 0.3033,
      "std": 0.0205
    },
    "instruction_followed": {
      "mean": 1.0,
      "std": 0.0
    },
    "response_length": {
      "mean": 118.03,
      "std": 38.4633
    },
    "word_count": {
      "mean": 21.17,
      "std": 6.6559
    },
    "output_tokens": {
      "mean": 56.52,
      "std": 12.1845
    }
  },
  "multiplication_4": {
    "accuracy": {
      "mean": 0.0,
      "std": 0.0
    },
    "instruction_followed": {
      "mean": 0.9967,
      "std": 0.0047
    },
    "response_length": {
      "mean": 372.73,
      "std": 183.5632
    },
    "word_count": {
      "mean": 63.39,
      "std": 31.0599
    },
    "output_tokens": {
      "mean": 180.86,
      "std": 72.8704
    }
  },
  "multiplication_8": {
    "accuracy": {
      "mean": 0.0,
      "std": 0.0
    },
    "instruction_followed": {
      "mean": 0.96,
      "std": 0.0216
    },
    "response_length": {
      "mean": 591.88,
      "std": 221.956
    },
    "word_count": {
      "mean": 101.21,
      "std": 40.0463
    },
    "output_tokens": {
      "mean": 304.77,
      "std": 121.291
    }
  },
  "odd_count_8": {
    "accuracy": {
      "mean": 0.78,
      "std": 0.0245
    },
    "instruction_followed": {
      "mean": 1.0,
      "std": 0.0
    },
    "response_length": {
      "mean": 360.39,
      "std": 98.2538
    },
    "word_count": {
      "mean": 71.57,
      "std": 22.2991
    },
    "output_tokens": {
      "mean": 157.32,
      "std": 42.0574
    }
  },
  "odd_count_16": {
    "accuracy": {
      "mean": 0.4767,
      "std": 0.0262
    },
    "instruction_followed": {
      "mean": 1.0,
      "std": 0.0
    },
    "response_length": {
      "mean": 438.1,
      "std": 88.9276
    },
    "word_count": {
      "mean": 84.76,
      "std": 19.346
    },
    "output_tokens": {
      "mean": 222.39,
      "std": 44.0829
    }
  },
  "odd_count_32": {
    "accuracy": {
      "mean": 0.0967,
      "std": 0.0236
    },
    "instruction_followed": {
      "mean": 1.0,
      "std": 0.0
    },
    "response_length": {
      "mean": 551.64,
      "std": 144.4831
    },
    "word_count": {
      "mean": 106.4,
      "std": 30.751
    },
    "output_tokens": {
      "mean": 321.74,
      "std": 87.6109
    }
  },
  "odd_count_64": {
    "accuracy": {
      "mean": 0.0333,
      "std": 0.0047
    },
    "instruction_followed": {
      "mean": 0.98,
      "std": 0.0082
    },
    "response_length": {
      "mean": 839.28,
      "std": 241.9855
    },
    "word_count": {
      "mean": 161.8,
      "std": 52.7909
    },
    "output_tokens": {
      "mean": 568.51,
      "std": 171.7454
    }
  },
  "even_count_8": {
    "accuracy": {
      "mean": 0.6967,
      "std": 0.0309
    },
    "instruction_followed": {
      "mean": 1.0,
      "std": 0.0
    },
    "response_length": {
      "mean": 254.59,
      "std": 96.3415
    },
    "word_count": {
      "mean": 50.45,
      "std": 20.1061
    },
    "output_tokens": {
      "mean": 99.21,
      "std": 41.6005
    }
  },
  "even_count_16": {
    "accuracy": {
      "mean": 0.3067,
      "std": 0.0236
    },
    "instruction_followed": {
      "mean": 1.0,
      "std": 0.0
    },
    "response_length": {
      "mean": 356.71,
      "std": 82.1389
    },
    "word_count": {
      "mean": 69.24,
      "std": 15.624
    },
    "output_tokens": {
      "mean": 159.79,
      "std": 45.1084
    }
  },
  "even_count_32": {
    "accuracy": {
      "mean": 0.0167,
      "std": 0.0094
    },
    "instruction_followed": {
      "mean": 1.0,
      "std": 0.0
    },
    "response_length": {
      "mean": 441.25,
      "std": 129.6112
    },
    "word_count": {
      "mean": 88.24,
      "std": 27.5527
    },
    "output_tokens": {
      "mean": 226.16,
      "std": 83.3801
    }
  },
  "even_count_64": {
    "accuracy": {
      "mean": 0.0133,
      "std": 0.0125
    },
    "instruction_followed": {
      "mean": 0.9967,
      "std": 0.0047
    },
    "response_length": {
      "mean": 510.83,
      "std": 225.3182
    },
    "word_count": {
      "mean": 106.26,
      "std": 49.6124
    },
    "output_tokens": {
      "mean": 285.37,
      "std": 158.5971
    }
  },
  "absolute_difference": {
    "accuracy": {
      "mean": 0.9567,
      "std": 0.0094
    },
    "instruction_followed": {
      "mean": 1.0,
      "std": 0.0
    },
    "response_length": {
      "mean": 510.83,
      "std": 225.3182
    },
    "word_count": {
      "mean": 106.26,
      "std": 49.6124
    },
    "output_tokens": {
      "mean": 285.37,
      "std": 158.5971
    }
  },
  "division": {
    "accuracy": {
      "mean": 0.79,
      "std": 0.0141
    },
    "instruction_followed": {
      "mean": 1.0,
      "std": 0.0
    },
    "response_length": {
      "mean": 510.83,
      "std": 225.3182
    },
    "word_count": {
      "mean": 106.26,
      "std": 49.6124
    },
    "output_tokens": {
      "mean": 285.37,
      "std": 158.5971
    }
  },
  "find_maximum_8": {
    "accuracy": {
      "mean": 0.93,
      "std": 0.0216
    },
    "instruction_followed": {
      "mean": 0.95,
      "std": 0.0216
    },
    "response_length": {
      "mean": 326.99,
      "std": 75.4757
    },
    "word_count": {
      "mean": 60.43,
      "std": 15.3195
    },
    "output_tokens": {
      "mean": 135.23,
      "std": 46.2595
    }
  },
  "find_maximum_16": {
    "accuracy": {
      "mean": 0.9267,
      "std": 0.0047
    },
    "instruction_followed": {
      "mean": 0.9733,
      "std": 0.0094
    },
    "response_length": {
      "mean": 332.54,
      "std": 131.8029
    },
    "word_count": {
      "mean": 60.73,
      "std": 24.5408
    },
    "output_tokens": {
      "mean": 142.61,
      "std": 72.6714
    }
  },
  "find_maximum_32": {
    "accuracy": {
      "mean": 0.9033,
      "std": 0.0047
    },
    "instruction_followed": {
      "mean": 0.9767,
      "std": 0.0047
    },
    "response_length": {
      "mean": 327.56,
      "std": 203.2847
    },
    "word_count": {
      "mean": 59.61,
      "std": 41.4458
    },
    "output_tokens": {
      "mean": 135.61,
      "std": 120.1828
    }
  },
  "find_maximum_64": {
    "accuracy": {
      "mean": 0.89,
      "std": 0.0082
    },
    "instruction_followed": {
      "mean": 0.9967,
      "std": 0.0047
    },
    "response_length": {
      "mean": 311.21,
      "std": 180.87
    },
    "word_count": {
      "mean": 56.21,
      "std": 35.3776
    },
    "output_tokens": {
      "mean": 117.47,
      "std": 125.9217
    }
  },
  "find_minimum_8": {
    "accuracy": {
      "mean": 0.9433,
      "std": 0.0047
    },
    "instruction_followed": {
      "mean": 1.0,
      "std": 0.0
    },
    "response_length": {
      "mean": 307.58,
      "std": 60.8294
    },
    "word_count": {
      "mean": 55.58,
      "std": 12.2329
    },
    "output_tokens": {
      "mean": 116.83,
      "std": 33.3392
    }
  },
  "find_minimum_16": {
    "accuracy": {
      "mean": 0.8633,
      "std": 0.0205
    },
    "instruction_followed": {
      "mean": 1.0,
      "std": 0.0
    },
    "response_length": {
      "mean": 325.84,
      "std": 80.15
    },
    "word_count": {
      "mean": 58.02,
      "std": 14.2845
    },
    "output_tokens": {
      "mean": 129.76,
      "std": 42.1745
    }
  },
  "find_minimum_32": {
    "accuracy": {
      "mean": 0.8367,
      "std": 0.033
    },
    "instruction_followed": {
      "mean": 1.0,
      "std": 0.0
    },
    "response_length": {
      "mean": 351.45,
      "std": 140.79
    },
    "word_count": {
      "mean": 62.64,
      "std": 25.1059
    },
    "output_tokens": {
      "mean": 147.55,
      "std": 88.243
    }
  },
  "find_minimum_64": {
    "accuracy": {
      "mean": 0.8267,
      "std": 0.0094
    },
    "instruction_followed": {
      "mean": 0.9967,
      "std": 0.0047
    },
    "response_length": {
      "mean": 313.27,
      "std": 155.8458
    },
    "word_count": {
      "mean": 55.95,
      "std": 28.1497
    },
    "output_tokens": {
      "mean": 121.95,
      "std": 128.8309
    }
  },
  "subtraction": {
    "accuracy": {
      "mean": 0.9167,
      "std": 0.0125
    },
    "instruction_followed": {
      "mean": 0.9533,
      "std": 0.017
    },
    "response_length": {
      "mean": 313.27,
      "std": 155.8458
    },
    "word_count": {
      "mean": 55.95,
      "std": 28.1497
    },
    "output_tokens": {
      "mean": 121.95,
      "std": 128.8309
    }
  },
  "mean_8": {
    "accuracy": {
      "mean": 0.0167,
      "std": 0.0047
    },
    "instruction_followed": {
      "mean": 1.0,
      "std": 0.0
    },
    "response_length": {
      "mean": 404.46,
      "std": 114.3117
    },
    "word_count": {
      "mean": 87.13,
      "std": 26.7607
    },
    "output_tokens": {
      "mean": 177.69,
      "std": 56.6817
    }
  },
  "mean_16": {
    "accuracy": {
      "mean": 0.0,
      "std": 0.0
    },
    "instruction_followed": {
      "mean": 1.0,
      "std": 0.0
    },
    "response_length": {
      "mean": 565.56,
      "std": 221.1701
    },
    "word_count": {
      "mean": 130.3,
      "std": 67.3591
    },
    "output_tokens": {
      "mean": 288.28,
      "std": 166.4404
    }
  },
  "mean_32": {
    "accuracy": {
      "mean": 0.0,
      "std": 0.0
    },
    "instruction_followed": {
      "mean": 0.9967,
      "std": 0.0047
    },
    "response_length": {
      "mean": 745.44,
      "std": 221.1745
    },
    "word_count": {
      "mean": 172.73,
      "std": 60.5454
    },
    "output_tokens": {
      "mean": 396.87,
      "std": 145.4817
    }
  },
  "mean_64": {
    "accuracy": {
      "mean": 0.0,
      "std": 0.0
    },
    "instruction_followed": {
      "mean": 1.0,
      "std": 0.0
    },
    "response_length": {
      "mean": 852.0,
      "std": 176.7373
    },
    "word_count": {
      "mean": 209.37,
      "std": 43.4985
    },
    "output_tokens": {
      "mean": 497.79,
      "std": 112.8518
    }
  },
  "median_8": {
    "accuracy": {
      "mean": 0.4467,
      "std": 0.0249
    },
    "instruction_followed": {
      "mean": 1.0,
      "std": 0.0
    },
    "response_length": {
      "mean": 357.89,
      "std": 54.4595
    },
    "word_count": {
      "mean": 69.93,
      "std": 10.72
    },
    "output_tokens": {
      "mean": 157.64,
      "std": 19.6997
    }
  },
  "median_16": {
    "accuracy": {
      "mean": 0.0233,
      "std": 0.0094
    },
    "instruction_followed": {
      "mean": 1.0,
      "std": 0.0
    },
    "response_length": {
      "mean": 424.17,
      "std": 86.9673
    },
    "word_count": {
      "mean": 80.29,
      "std": 17.0753
    },
    "output_tokens": {
      "mean": 203.81,
      "std": 45.0211
    }
  },
  "median_32": {
    "accuracy": {
      "mean": 0.0367,
      "std": 0.0047
    },
    "instruction_followed": {
      "mean": 1.0,
      "std": 0.0
    },
    "response_length": {
      "mean": 555.75,
      "std": 104.97
    },
    "word_count": {
      "mean": 106.65,
      "std": 19.5049
    },
    "output_tokens": {
      "mean": 305.28,
      "std": 78.8202
    }
  },
  "median_64": {
    "accuracy": {
      "mean": 0.0033,
      "std": 0.0047
    },
    "instruction_followed": {
      "mean": 0.97,
      "std": 0.0163
    },
    "response_length": {
      "mean": 851.27,
      "std": 232.929
    },
    "word_count": {
      "mean": 158.5,
      "std": 39.2436
    },
    "output_tokens": {
      "mean": 602.65,
      "std": 229.8968
    }
  },
  "mode_8": {
    "accuracy": {
      "mean": 1.0,
      "std": 0.0
    },
    "instruction_followed": {
      "mean": 1.0,
      "std": 0.0
    },
    "response_length": {
      "mean": 516.59,
      "std": 96.176
    },
    "word_count": {
      "mean": 97.57,
      "std": 17.748
    },
    "output_tokens": {
      "mean": 196.88,
      "std": 34.331
    }
  },
  "mode_16": {
    "accuracy": {
      "mean": 0.91,
      "std": 0.0082
    },
    "instruction_followed": {
      "mean": 0.9933,
      "std": 0.0094
    },
    "response_length": {
      "mean": 587.49,
      "std": 100.5782
    },
    "word_count": {
      "mean": 116.25,
      "std": 17.9706
    },
    "output_tokens": {
      "mean": 267.31,
      "std": 53.693
    }
  },
  "mode_32": {
    "accuracy": {
      "mean": 0.63,
      "std": 0.0245
    },
    "instruction_followed": {
      "mean": 0.9,
      "std": 0.0082
    },
    "response_length": {
      "mean": 714.9,
      "std": 187.1307
    },
    "word_count": {
      "mean": 154.03,
      "std": 50.5919
    },
    "output_tokens": {
      "mean": 432.4,
      "std": 204.8043
    }
  },
  "mode_64": {
    "accuracy": {
      "mean": 0.12,
      "std": 0.0216
    },
    "instruction_followed": {
      "mean": 0.79,
      "std": 0.0356
    },
    "response_length": {
      "mean": 1020.91,
      "std": 262.7727
    },
    "word_count": {
      "mean": 238.14,
      "std": 62.1256
    },
    "output_tokens": {
      "mean": 791.74,
      "std": 248.0488
    }
  }
}