{
  "sorting_8": {
    "accuracy": {
      "mean": 1.0,
      "std": 0.0
    },
    "instruction_followed": {
      "mean": 1.0,
      "std": 0.0
    },
    "response_length": {
      "mean": 655.68,
      "std": 359.8484
    },
    "word_count": {
      "mean": 118.88,
      "std": 59.5164
    },
    "output_tokens": {
      "mean": 271.13,
      "std": 142.3837
    }
  },
  "sorting_16": {
    "accuracy": {
      "mean": 0.7333,
      "std": 0.085
    },
    "instruction_followed": {
      "mean": 1.0,
      "std": 0.0
    },
    "response_length": {
      "mean": 754.75,
      "std": 172.4451
    },
    "word_count": {
      "mean": 145.33,
      "std": 32.6928
    },
    "output_tokens": {
      "mean": 385.6,
      "std": 82.3193
    }
  },
  "comparison": {
    "accuracy": {
      "mean": 0.7667,
      "std": 0.0624
    },
    "instruction_followed": {
      "mean": 0.7667,
      "std": 0.0624
    },
    "response_length": {
      "mean": 430.15,
      "std": 4.374
    },
    "word_count": {
      "mean": 79.68,
      "std": 0.3704
    },
    "output_tokens": {
      "mean": 119.72,
      "std": 0.825
    }
  },
  "even_count_8": {
    "accuracy": {
      "mean": 0.9333,
      "std": 0.0236
    },
    "instruction_followed": {
      "mean": 1.0,
      "std": 0.0
    },
    "response_length": {
      "mean": 767.12,
      "std": 536.091
    },
    "word_count": {
      "mean": 159.38,
      "std": 95.0607
    },
    "output_tokens": {
      "mean": 298.97,
      "std": 206.2318
    }
  },
  "even_count_16": {
    "accuracy": {
      "mean": 0.7833,
      "std": 0.0471
    },
    "instruction_followed": {
      "mean": 1.0,
      "std": 0.0
    },
    "response_length": {
      "mean": 778.4,
      "std": 579.0267
    },
    "word_count": {
      "mean": 167.52,
      "std": 112.5837
    },
    "output_tokens": {
      "mean": 341.15,
      "std": 207.3867
    }
  },
  "find_minimum_8": {
    "accuracy": {
      "mean": 0.9167,
      "std": 0.0471
    },
    "instruction_followed": {
      "mean": 0.9833,
      "std": 0.0236
    },
    "response_length": {
      "mean": 449.18,
      "std": 195.9301
    },
    "word_count": {
      "mean": 82.77,
      "std": 38.2123
    },
    "output_tokens": {
      "mean": 155.07,
      "std": 65.2625
    }
  },
  "find_minimum_16": {
    "accuracy": {
      "mean": 0.9333,
      "std": 0.0943
    },
    "instruction_followed": {
      "mean": 0.9333,
      "std": 0.0236
    },
    "response_length": {
      "mean": 699.4,
      "std": 416.2937
    },
    "word_count": {
      "mean": 133.92,
      "std": 82.3627
    },
    "output_tokens": {
      "mean": 269.65,
      "std": 155.8178
    }
  },
  "mean_8": {
    "accuracy": {
      "mean": 0.6167,
      "std": 0.0236
    },
    "instruction_followed": {
      "mean": 1.0,
      "std": 0.0
    },
    "response_length": {
      "mean": 911.73,
      "std": 352.3672
    },
    "word_count": {
      "mean": 198.07,
      "std": 73.5189
    },
    "output_tokens": {
      "mean": 405.68,
      "std": 149.0778
    }
  },
  "mean_16": {
    "accuracy": {
      "mean": 0.3667,
      "std": 0.0624
    },
    "instruction_followed": {
      "mean": 1.0,
      "std": 0.0
    },
    "response_length": {
      "mean": 1032.1,
      "std": 215.7735
    },
    "word_count": {
      "mean": 247.45,
      "std": 57.5458
    },
    "output_tokens": {
      "mean": 530.4,
      "std": 128.1531
    }
  }
}