{
  "sorting_8": {
    "accuracy": {
      "mean": 0.99,
      "std": 0.0
    },
    "instruction_followed": {
      "mean": 1.0,
      "std": 0.0
    },
    "response_length": {
      "mean": 451.15,
      "std": 101.4751
    },
    "word_count": {
      "mean": 79.53,
      "std": 17.1529
    },
    "output_tokens": {
      "mean": 201.02,
      "std": 39.5021
    }
  },
  "sorting_16": {
    "accuracy": {
      "mean": 0.74,
      "std": 0.0283
    },
    "instruction_followed": {
      "mean": 1.0,
      "std": 0.0
    },
    "response_length": {
      "mean": 452.4,
      "std": 127.7275
    },
    "word_count": {
      "mean": 82.12,
      "std": 22.4078
    },
    "output_tokens": {
      "mean": 248.28,
      "std": 62.0264
    }
  },
  "comparison": {
    "accuracy": {
      "mean": 1.0,
      "std": 0.0
    },
    "instruction_followed": {
      "mean": 1.0,
      "std": 0.0
    },
    "response_length": {
      "mean": 452.4,
      "std": 127.7275
    },
    "word_count": {
      "mean": 82.12,
      "std": 22.4078
    },
    "output_tokens": {
      "mean": 248.28,
      "std": 62.0264
    }
  },
  "even_count_8": {
    "accuracy": {
      "mean": 0.97,
      "std": 0.0163
    },
    "instruction_followed": {
      "mean": 1.0,
      "std": 0.0
    },
    "response_length": {
      "mean": 441.27,
      "std": 105.5755
    },
    "word_count": {
      "mean": 87.19,
      "std": 19.8923
    },
    "output_tokens": {
      "mean": 172.85,
      "std": 38.1747
    }
  },
  "even_count_16": {
    "accuracy": {
      "mean": 0.88,
      "std": 0.0356
    },
    "instruction_followed": {
      "mean": 1.0,
      "std": 0.0
    },
    "response_length": {
      "mean": 591.49,
      "std": 131.2185
    },
    "word_count": {
      "mean": 122.3,
      "std": 28.5533
    },
    "output_tokens": {
      "mean": 253.45,
      "std": 60.1697
    }
  },
  "find_minimum_8": {
    "accuracy": {
      "mean": 0.96,
      "std": 0.0082
    },
    "instruction_followed": {
      "mean": 1.0,
      "std": 0.0
    },
    "response_length": {
      "mean": 709.82,
      "std": 232.8974
    },
    "word_count": {
      "mean": 119.78,
      "std": 37.6923
    },
    "output_tokens": {
      "mean": 257.61,
      "std": 88.5635
    }
  },
  "find_minimum_16": {
    "accuracy": {
      "mean": 0.9467,
      "std": 0.0094
    },
    "instruction_followed": {
      "mean": 1.0,
      "std": 0.0
    },
    "response_length": {
      "mean": 704.19,
      "std": 291.6938
    },
    "word_count": {
      "mean": 120.59,
      "std": 50.2239
    },
    "output_tokens": {
      "mean": 266.17,
      "std": 111.2508
    }
  },
  "mean_8": {
    "accuracy": {
      "mean": 0.5867,
      "std": 0.0525
    },
    "instruction_followed": {
      "mean": 1.0,
      "std": 0.0
    },
    "response_length": {
      "mean": 642.61,
      "std": 133.7088
    },
    "word_count": {
      "mean": 134.82,
      "std": 31.5689
    },
    "output_tokens": {
      "mean": 302.45,
      "std": 74.8319
    }
  },
  "mean_16": {
    "accuracy": {
      "mean": 0.63,
      "std": 0.0356
    },
    "instruction_followed": {
      "mean": 1.0,
      "std": 0.0
    },
    "response_length": {
      "mean": 1021.54,
      "std": 176.4118
    },
    "word_count": {
      "mean": 236.07,
      "std": 52.9413
    },
    "output_tokens": {
      "mean": 581.08,
      "std": 127.7632
    }
  }
}