{
  "sorting_8": {
    "accuracy": {
      "mean": 0.8,
      "std": 0.0707
    },
    "instruction_followed": {
      "mean": 1.0,
      "std": 0.0
    },
    "response_length": {
      "mean": 458.65,
      "std": 174.6291
    },
    "word_count": {
      "mean": 84.3,
      "std": 32.229
    },
    "output_tokens": {
      "mean": 192.97,
      "std": 60.3484
    }
  },
  "sorting_16": {
    "accuracy": {
      "mean": 0.2667,
      "std": 0.0236
    },
    "instruction_followed": {
      "mean": 0.9667,
      "std": 0.0236
    },
    "response_length": {
      "mean": 617.98,
      "std": 240.9457
    },
    "word_count": {
      "mean": 118.0,
      "std": 50.3968
    },
    "output_tokens": {
      "mean": 314.57,
      "std": 120.7142
    }
  },
  "comparison": {
    "accuracy": {
      "mean": 0.8833,
      "std": 0.0943
    },
    "instruction_followed": {
      "mean": 0.9167,
      "std": 0.085
    },
    "response_length": {
      "mean": 339.2,
      "std": 23.7671
    },
    "word_count": {
      "mean": 63.85,
      "std": 5.3199
    },
    "output_tokens": {
      "mean": 96.55,
      "std": 8.2025
    }
  },
  "even_count_8": {
    "accuracy": {
      "mean": 0.9333,
      "std": 0.0471
    },
    "instruction_followed": {
      "mean": 0.9833,
      "std": 0.0236
    },
    "response_length": {
      "mean": 686.83,
      "std": 144.0314
    },
    "word_count": {
      "mean": 150.6,
      "std": 30.742
    },
    "output_tokens": {
      "mean": 271.67,
      "std": 54.3718
    }
  },
  "even_count_16": {
    "accuracy": {
      "mean": 0.75,
      "std": 0.0408
    },
    "instruction_followed": {
      "mean": 0.9667,
      "std": 0.0236
    },
    "response_length": {
      "mean": 886.68,
      "std": 297.7209
    },
    "word_count": {
      "mean": 199.17,
      "std": 64.3897
    },
    "output_tokens": {
      "mean": 399.88,
      "std": 116.165
    }
  },
  "find_minimum_8": {
    "accuracy": {
      "mean": 0.9667,
      "std": 0.0471
    },
    "instruction_followed": {
      "mean": 0.9833,
      "std": 0.0236
    },
    "response_length": {
      "mean": 565.95,
      "std": 130.2964
    },
    "word_count": {
      "mean": 109.13,
      "std": 26.9478
    },
    "output_tokens": {
      "mean": 210.23,
      "std": 47.5347
    }
  },
  "find_minimum_16": {
    "accuracy": {
      "mean": 0.95,
      "std": 0.0408
    },
    "instruction_followed": {
      "mean": 0.9833,
      "std": 0.0236
    },
    "response_length": {
      "mean": 672.73,
      "std": 247.2311
    },
    "word_count": {
      "mean": 133.53,
      "std": 51.9325
    },
    "output_tokens": {
      "mean": 288.77,
      "std": 103.0436
    }
  },
  "mean_8": {
    "accuracy": {
      "mean": 0.4167,
      "std": 0.0236
    },
    "instruction_followed": {
      "mean": 1.0,
      "std": 0.0
    },
    "response_length": {
      "mean": 693.17,
      "std": 97.8838
    },
    "word_count": {
      "mean": 169.58,
      "std": 24.5352
    },
    "output_tokens": {
      "mean": 312.93,
      "std": 52.5366
    }
  },
  "mean_16": {
    "accuracy": {
      "mean": 0.0667,
      "std": 0.0624
    },
    "instruction_followed": {
      "mean": 1.0,
      "std": 0.0
    },
    "response_length": {
      "mean": 906.47,
      "std": 162.9461
    },
    "word_count": {
      "mean": 230.13,
      "std": 40.3057
    },
    "output_tokens": {
      "mean": 449.87,
      "std": 77.1491
    }
  }
}