{
  "sorting_8": {
    "accuracy": {
      "mean": 1.0,
      "std": 0.0
    },
    "instruction_followed": {
      "mean": 1.0,
      "std": 0.0
    },
    "response_length": {
      "mean": 449.37,
      "std": 108.5902
    },
    "word_count": {
      "mean": 78.99,
      "std": 18.2218
    },
    "output_tokens": {
      "mean": 200.37,
      "std": 40.4748
    }
  },
  "sorting_16": {
    "accuracy": {
      "mean": 0.8267,
      "std": 0.017
    },
    "instruction_followed": {
      "mean": 1.0,
      "std": 0.0
    },
    "response_length": {
      "mean": 460.63,
      "std": 116.7587
    },
    "word_count": {
      "mean": 82.94,
      "std": 20.2258
    },
    "output_tokens": {
      "mean": 256.72,
      "std": 59.9236
    }
  },
  "comparison": {
    "accuracy": {
      "mean": 1.0,
      "std": 0.0
    },
    "instruction_followed": {
      "mean": 1.0,
      "std": 0.0
    },
    "response_length": {
      "mean": 460.63,
      "std": 116.7587
    },
    "word_count": {
      "mean": 82.94,
      "std": 20.2258
    },
    "output_tokens": {
      "mean": 256.72,
      "std": 59.9236
    }
  },
  "even_count_8": {
    "accuracy": {
      "mean": 0.9467,
      "std": 0.0047
    },
    "instruction_followed": {
      "mean": 1.0,
      "std": 0.0
    },
    "response_length": {
      "mean": 432.37,
      "std": 93.592
    },
    "word_count": {
      "mean": 85.7,
      "std": 18.0432
    },
    "output_tokens": {
      "mean": 169.4,
      "std": 34.0222
    }
  },
  "even_count_16": {
    "accuracy": {
      "mean": 0.85,
      "std": 0.0141
    },
    "instruction_followed": {
      "mean": 1.0,
      "std": 0.0
    },
    "response_length": {
      "mean": 599.49,
      "std": 135.0997
    },
    "word_count": {
      "mean": 124.47,
      "std": 29.4063
    },
    "output_tokens": {
      "mean": 258.49,
      "std": 60.8714
    }
  },
  "find_minimum_8": {
    "accuracy": {
      "mean": 0.9667,
      "std": 0.0047
    },
    "instruction_followed": {
      "mean": 1.0,
      "std": 0.0
    },
    "response_length": {
      "mean": 686.55,
      "std": 213.218
    },
    "word_count": {
      "mean": 116.17,
      "std": 37.1738
    },
    "output_tokens": {
      "mean": 247.8,
      "std": 78.2022
    }
  },
  "find_minimum_16": {
    "accuracy": {
      "mean": 0.9067,
      "std": 0.0047
    },
    "instruction_followed": {
      "mean": 1.0,
      "std": 0.0
    },
    "response_length": {
      "mean": 735.75,
      "std": 347.0081
    },
    "word_count": {
      "mean": 125.71,
      "std": 59.0716
    },
    "output_tokens": {
      "mean": 280.31,
      "std": 137.2167
    }
  },
  "mean_8": {
    "accuracy": {
      "mean": 0.56,
      "std": 0.0163
    },
    "instruction_followed": {
      "mean": 1.0,
      "std": 0.0
    },
    "response_length": {
      "mean": 642.86,
      "std": 138.9512
    },
    "word_count": {
      "mean": 134.69,
      "std": 32.8014
    },
    "output_tokens": {
      "mean": 303.93,
      "std": 77.8128
    }
  },
  "mean_16": {
    "accuracy": {
      "mean": 0.5633,
      "std": 0.0205
    },
    "instruction_followed": {
      "mean": 1.0,
      "std": 0.0
    },
    "response_length": {
      "mean": 1003.81,
      "std": 176.0761
    },
    "word_count": {
      "mean": 229.69,
      "std": 51.1587
    },
    "output_tokens": {
      "mean": 566.8,
      "std": 128.0318
    }
  }
}