{
  "sorting_8": {
    "accuracy": {
      "mean": 1.0,
      "std": 0.0
    },
    "instruction_followed": {
      "mean": 1.0,
      "std": 0.0
    },
    "response_length": {
      "mean": 472.66,
      "std": 98.0588
    },
    "word_count": {
      "mean": 83.01,
      "std": 15.873
    },
    "output_tokens": {
      "mean": 213.75,
      "std": 39.0799
    }
  },
  "sorting_16": {
    "accuracy": {
      "mean": 0.7567,
      "std": 0.0094
    },
    "instruction_followed": {
      "mean": 1.0,
      "std": 0.0
    },
    "response_length": {
      "mean": 379.79,
      "std": 76.5462
    },
    "word_count": {
      "mean": 70.05,
      "std": 12.9354
    },
    "output_tokens": {
      "mean": 209.85,
      "std": 33.7578
    }
  },
  "comparison": {
    "accuracy": {
      "mean": 1.0,
      "std": 0.0
    },
    "instruction_followed": {
      "mean": 1.0,
      "std": 0.0
    },
    "response_length": {
      "mean": 379.79,
      "std": 76.5462
    },
    "word_count": {
      "mean": 70.05,
      "std": 12.9354
    },
    "output_tokens": {
      "mean": 209.85,
      "std": 33.7578
    }
  },
  "even_count_8": {
    "accuracy": {
      "mean": 0.9933,
      "std": 0.0047
    },
    "instruction_followed": {
      "mean": 1.0,
      "std": 0.0
    },
    "response_length": {
      "mean": 491.5,
      "std": 122.1568
    },
    "word_count": {
      "mean": 96.5,
      "std": 22.0941
    },
    "output_tokens": {
      "mean": 188.94,
      "std": 45.6338
    }
  },
  "even_count_16": {
    "accuracy": {
      "mean": 0.97,
      "std": 0.0082
    },
    "instruction_followed": {
      "mean": 1.0,
      "std": 0.0
    },
    "response_length": {
      "mean": 620.06,
      "std": 115.6821
    },
    "word_count": {
      "mean": 128.93,
      "std": 23.1638
    },
    "output_tokens": {
      "mean": 266.93,
      "std": 53.8008
    }
  },
  "find_minimum_8": {
    "accuracy": {
      "mean": 0.93,
      "std": 0.0082
    },
    "instruction_followed": {
      "mean": 1.0,
      "std": 0.0
    },
    "response_length": {
      "mean": 794.9,
      "std": 173.3629
    },
    "word_count": {
      "mean": 136.07,
      "std": 30.7517
    },
    "output_tokens": {
      "mean": 274.34,
      "std": 59.2604
    }
  },
  "find_minimum_16": {
    "accuracy": {
      "mean": 0.9367,
      "std": 0.0047
    },
    "instruction_followed": {
      "mean": 1.0,
      "std": 0.0
    },
    "response_length": {
      "mean": 583.12,
      "std": 176.7001
    },
    "word_count": {
      "mean": 99.9,
      "std": 30.3055
    },
    "output_tokens": {
      "mean": 218.14,
      "std": 69.2438
    }
  },
  "mean_8": {
    "accuracy": {
      "mean": 0.7867,
      "std": 0.0309
    },
    "instruction_followed": {
      "mean": 1.0,
      "std": 0.0
    },
    "response_length": {
      "mean": 732.05,
      "std": 76.7642
    },
    "word_count": {
      "mean": 155.12,
      "std": 19.617
    },
    "output_tokens": {
      "mean": 343.16,
      "std": 48.6733
    }
  },
  "mean_16": {
    "accuracy": {
      "mean": 0.5833,
      "std": 0.0125
    },
    "instruction_followed": {
      "mean": 1.0,
      "std": 0.0
    },
    "response_length": {
      "mean": 1073.2,
      "std": 174.5354
    },
    "word_count": {
      "mean": 252.34,
      "std": 58.9704
    },
    "output_tokens": {
      "mean": 618.53,
      "std": 141.0493
    }
  }
}