{
  "sorting_8": {
    "accuracy": {
      "mean": 1.0,
      "std": 0.0
    },
    "instruction_followed": {
      "mean": 1.0,
      "std": 0.0
    },
    "response_length": {
      "mean": 596.68,
      "std": 95.9176
    },
    "word_count": {
      "mean": 108.83,
      "std": 16.2493
    },
    "output_tokens": {
      "mean": 245.93,
      "std": 33.8023
    }
  },
  "sorting_16": {
    "accuracy": {
      "mean": 0.8167,
      "std": 0.0236
    },
    "instruction_followed": {
      "mean": 1.0,
      "std": 0.0
    },
    "response_length": {
      "mean": 662.6,
      "std": 132.9844
    },
    "word_count": {
      "mean": 125.55,
      "std": 23.5141
    },
    "output_tokens": {
      "mean": 325.8,
      "std": 60.3906
    }
  },
  "comparison": {
    "accuracy": {
      "mean": 0.9,
      "std": 0.0408
    },
    "instruction_followed": {
      "mean": 0.9,
      "std": 0.0408
    },
    "response_length": {
      "mean": 370.05,
      "std": 15.5954
    },
    "word_count": {
      "mean": 69.62,
      "std": 3.0486
    },
    "output_tokens": {
      "mean": 104.2,
      "std": 3.8072
    }
  },
  "even_count_8": {
    "accuracy": {
      "mean": 1.0,
      "std": 0.0
    },
    "instruction_followed": {
      "mean": 1.0,
      "std": 0.0
    },
    "response_length": {
      "mean": 756.88,
      "std": 180.8028
    },
    "word_count": {
      "mean": 159.65,
      "std": 37.4615
    },
    "output_tokens": {
      "mean": 302.95,
      "std": 69.2347
    }
  },
  "even_count_16": {
    "accuracy": {
      "mean": 0.9833,
      "std": 0.0236
    },
    "instruction_followed": {
      "mean": 1.0,
      "std": 0.0
    },
    "response_length": {
      "mean": 713.9,
      "std": 265.85
    },
    "word_count": {
      "mean": 154.6,
      "std": 48.8089
    },
    "output_tokens": {
      "mean": 331.62,
      "std": 111.3918
    }
  },
  "find_minimum_8": {
    "accuracy": {
      "mean": 1.0,
      "std": 0.0
    },
    "instruction_followed": {
      "mean": 1.0,
      "std": 0.0
    },
    "response_length": {
      "mean": 622.53,
      "std": 96.1304
    },
    "word_count": {
      "mean": 121.08,
      "std": 19.391
    },
    "output_tokens": {
      "mean": 230.32,
      "std": 36.542
    }
  },
  "find_minimum_16": {
    "accuracy": {
      "mean": 0.9667,
      "std": 0.0236
    },
    "instruction_followed": {
      "mean": 1.0,
      "std": 0.0
    },
    "response_length": {
      "mean": 828.92,
      "std": 208.6843
    },
    "word_count": {
      "mean": 172.22,
      "std": 38.2322
    },
    "output_tokens": {
      "mean": 350.98,
      "std": 75.298
    }
  },
  "mean_8": {
    "accuracy": {
      "mean": 0.7167,
      "std": 0.1546
    },
    "instruction_followed": {
      "mean": 1.0,
      "std": 0.0
    },
    "response_length": {
      "mean": 704.77,
      "std": 223.8177
    },
    "word_count": {
      "mean": 171.62,
      "std": 45.9594
    },
    "output_tokens": {
      "mean": 333.35,
      "std": 86.9454
    }
  },
  "mean_16": {
    "accuracy": {
      "mean": 0.1167,
      "std": 0.0624
    },
    "instruction_followed": {
      "mean": 1.0,
      "std": 0.0
    },
    "response_length": {
      "mean": 1037.17,
      "std": 347.4982
    },
    "word_count": {
      "mean": 241.95,
      "std": 75.1324
    },
    "output_tokens": {
      "mean": 496.17,
      "std": 155.6535
    }
  }
}