{
  "sorting_8": {
    "accuracy": {
      "mean": 0.9967,
      "std": 0.0047
    },
    "instruction_followed": {
      "mean": 1.0,
      "std": 0.0
    },
    "response_length": {
      "mean": 466.56,
      "std": 138.3154
    },
    "word_count": {
      "mean": 81.14,
      "std": 23.0121
    },
    "output_tokens": {
      "mean": 205.16,
      "std": 50.2394
    }
  },
  "sorting_16": {
    "accuracy": {
      "mean": 0.8867,
      "std": 0.017
    },
    "instruction_followed": {
      "mean": 1.0,
      "std": 0.0
    },
    "response_length": {
      "mean": 497.9,
      "std": 128.4775
    },
    "word_count": {
      "mean": 88.94,
      "std": 21.9614
    },
    "output_tokens": {
      "mean": 276.67,
      "std": 61.8897
    }
  },
  "comparison": {
    "accuracy": {
      "mean": 1.0,
      "std": 0.0
    },
    "instruction_followed": {
      "mean": 1.0,
      "std": 0.0
    },
    "response_length": {
      "mean": 497.9,
      "std": 128.4775
    },
    "word_count": {
      "mean": 88.94,
      "std": 21.9614
    },
    "output_tokens": {
      "mean": 276.67,
      "std": 61.8897
    }
  },
  "even_count_8": {
    "accuracy": {
      "mean": 0.9467,
      "std": 0.0094
    },
    "instruction_followed": {
      "mean": 1.0,
      "std": 0.0
    },
    "response_length": {
      "mean": 449.19,
      "std": 141.9318
    },
    "word_count": {
      "mean": 88.7,
      "std": 28.4263
    },
    "output_tokens": {
      "mean": 171.97,
      "std": 52.938
    }
  },
  "even_count_16": {
    "accuracy": {
      "mean": 0.84,
      "std": 0.0327
    },
    "instruction_followed": {
      "mean": 1.0,
      "std": 0.0
    },
    "response_length": {
      "mean": 563.96,
      "std": 162.4394
    },
    "word_count": {
      "mean": 115.72,
      "std": 35.5678
    },
    "output_tokens": {
      "mean": 239.52,
      "std": 71.7059
    }
  },
  "find_minimum_8": {
    "accuracy": {
      "mean": 0.97,
      "std": 0.0082
    },
    "instruction_followed": {
      "mean": 1.0,
      "std": 0.0
    },
    "response_length": {
      "mean": 609.76,
      "std": 215.8991
    },
    "word_count": {
      "mean": 102.98,
      "std": 35.8296
    },
    "output_tokens": {
      "mean": 217.29,
      "std": 80.9095
    }
  },
  "find_minimum_16": {
    "accuracy": {
      "mean": 0.9133,
      "std": 0.0249
    },
    "instruction_followed": {
      "mean": 1.0,
      "std": 0.0
    },
    "response_length": {
      "mean": 671.52,
      "std": 324.3188
    },
    "word_count": {
      "mean": 115.44,
      "std": 55.1169
    },
    "output_tokens": {
      "mean": 264.53,
      "std": 132.5006
    }
  },
  "mean_8": {
    "accuracy": {
      "mean": 0.6367,
      "std": 0.0125
    },
    "instruction_followed": {
      "mean": 1.0,
      "std": 0.0
    },
    "response_length": {
      "mean": 662.65,
      "std": 145.2914
    },
    "word_count": {
      "mean": 137.47,
      "std": 33.2782
    },
    "output_tokens": {
      "mean": 311.78,
      "std": 80.1243
    }
  },
  "mean_16": {
    "accuracy": {
      "mean": 0.4567,
      "std": 0.045
    },
    "instruction_followed": {
      "mean": 1.0,
      "std": 0.0
    },
    "response_length": {
      "mean": 958.68,
      "std": 197.8629
    },
    "word_count": {
      "mean": 213.95,
      "std": 53.4832
    },
    "output_tokens": {
      "mean": 518.43,
      "std": 135.3477
    }
  }
}