{
  "sorting_8": {
    "accuracy": {
      "mean": 1.0,
      "std": 0.0
    },
    "instruction_followed": {
      "mean": 1.0,
      "std": 0.0
    },
    "response_length": {
      "mean": 482.37,
      "std": 87.3972
    },
    "word_count": {
      "mean": 84.74,
      "std": 14.1197
    },
    "output_tokens": {
      "mean": 216.58,
      "std": 34.431
    }
  },
  "sorting_16": {
    "accuracy": {
      "mean": 0.75,
      "std": 0.0
    },
    "instruction_followed": {
      "mean": 1.0,
      "std": 0.0
    },
    "response_length": {
      "mean": 384.61,
      "std": 72.2477
    },
    "word_count": {
      "mean": 71.19,
      "std": 12.7912
    },
    "output_tokens": {
      "mean": 210.46,
      "std": 32.8269
    }
  },
  "comparison": {
    "accuracy": {
      "mean": 1.0,
      "std": 0.0
    },
    "instruction_followed": {
      "mean": 1.0,
      "std": 0.0
    },
    "response_length": {
      "mean": 384.61,
      "std": 72.2477
    },
    "word_count": {
      "mean": 71.19,
      "std": 12.7912
    },
    "output_tokens": {
      "mean": 210.46,
      "std": 32.8269
    }
  },
  "even_count_8": {
    "accuracy": {
      "mean": 0.99,
      "std": 0.0
    },
    "instruction_followed": {
      "mean": 1.0,
      "std": 0.0
    },
    "response_length": {
      "mean": 482.41,
      "std": 113.2948
    },
    "word_count": {
      "mean": 94.51,
      "std": 20.9936
    },
    "output_tokens": {
      "mean": 186.27,
      "std": 40.7725
    }
  },
  "even_count_16": {
    "accuracy": {
      "mean": 0.9533,
      "std": 0.0047
    },
    "instruction_followed": {
      "mean": 1.0,
      "std": 0.0
    },
    "response_length": {
      "mean": 649.22,
      "std": 87.8079
    },
    "word_count": {
      "mean": 137.21,
      "std": 15.7404
    },
    "output_tokens": {
      "mean": 283.11,
      "std": 39.3621
    }
  },
  "find_minimum_8": {
    "accuracy": {
      "mean": 0.9,
      "std": 0.0
    },
    "instruction_followed": {
      "mean": 1.0,
      "std": 0.0
    },
    "response_length": {
      "mean": 819.33,
      "std": 158.4618
    },
    "word_count": {
      "mean": 142.56,
      "std": 27.6231
    },
    "output_tokens": {
      "mean": 276.19,
      "std": 53.4168
    }
  },
  "find_minimum_16": {
    "accuracy": {
      "mean": 0.96,
      "std": 0.0
    },
    "instruction_followed": {
      "mean": 1.0,
      "std": 0.0
    },
    "response_length": {
      "mean": 605.27,
      "std": 173.647
    },
    "word_count": {
      "mean": 103.64,
      "std": 30.3441
    },
    "output_tokens": {
      "mean": 217.65,
      "std": 69.3792
    }
  },
  "mean_8": {
    "accuracy": {
      "mean": 0.8,
      "std": 0.0141
    },
    "instruction_followed": {
      "mean": 1.0,
      "std": 0.0
    },
    "response_length": {
      "mean": 722.66,
      "std": 72.7193
    },
    "word_count": {
      "mean": 157.23,
      "std": 19.219
    },
    "output_tokens": {
      "mean": 333.59,
      "std": 48.9238
    }
  },
  "mean_16": {
    "accuracy": {
      "mean": 0.77,
      "std": 0.0
    },
    "instruction_followed": {
      "mean": 1.0,
      "std": 0.0
    },
    "response_length": {
      "mean": 1072.66,
      "std": 117.2076
    },
    "word_count": {
      "mean": 251.24,
      "std": 38.9494
    },
    "output_tokens": {
      "mean": 613.0,
      "std": 95.7161
    }
  }
}