{
  "sorting_8": {
    "accuracy": {
      "mean": 1.0,
      "std": 0.0
    },
    "instruction_followed": {
      "mean": 1.0,
      "std": 0.0
    },
    "response_length": {
      "mean": 474.72,
      "std": 164.9962
    },
    "word_count": {
      "mean": 82.4,
      "std": 27.5828
    },
    "output_tokens": {
      "mean": 206.04,
      "std": 58.7771
    }
  },
  "sorting_16": {
    "accuracy": {
      "mean": 0.8433,
      "std": 0.0094
    },
    "instruction_followed": {
      "mean": 1.0,
      "std": 0.0
    },
    "response_length": {
      "mean": 498.55,
      "std": 139.018
    },
    "word_count": {
      "mean": 88.78,
      "std": 24.1638
    },
    "output_tokens": {
      "mean": 276.38,
      "std": 66.6965
    }
  },
  "comparison": {
    "accuracy": {
      "mean": 1.0,
      "std": 0.0
    },
    "instruction_followed": {
      "mean": 1.0,
      "std": 0.0
    },
    "response_length": {
      "mean": 498.55,
      "std": 139.018
    },
    "word_count": {
      "mean": 88.78,
      "std": 24.1638
    },
    "output_tokens": {
      "mean": 276.38,
      "std": 66.6965
    }
  },
  "even_count_8": {
    "accuracy": {
      "mean": 0.9233,
      "std": 0.0125
    },
    "instruction_followed": {
      "mean": 1.0,
      "std": 0.0
    },
    "response_length": {
      "mean": 453.12,
      "std": 154.1424
    },
    "word_count": {
      "mean": 89.85,
      "std": 30.884
    },
    "output_tokens": {
      "mean": 172.95,
      "std": 59.8938
    }
  },
  "even_count_16": {
    "accuracy": {
      "mean": 0.8133,
      "std": 0.0287
    },
    "instruction_followed": {
      "mean": 1.0,
      "std": 0.0
    },
    "response_length": {
      "mean": 562.68,
      "std": 163.6525
    },
    "word_count": {
      "mean": 115.28,
      "std": 35.6055
    },
    "output_tokens": {
      "mean": 238.45,
      "std": 73.7421
    }
  },
  "find_minimum_8": {
    "accuracy": {
      "mean": 0.9767,
      "std": 0.0047
    },
    "instruction_followed": {
      "mean": 1.0,
      "std": 0.0
    },
    "response_length": {
      "mean": 591.11,
      "std": 191.1592
    },
    "word_count": {
      "mean": 100.46,
      "std": 32.7324
    },
    "output_tokens": {
      "mean": 210.02,
      "std": 69.1194
    }
  },
  "find_minimum_16": {
    "accuracy": {
      "mean": 0.9333,
      "std": 0.0094
    },
    "instruction_followed": {
      "mean": 1.0,
      "std": 0.0
    },
    "response_length": {
      "mean": 641.17,
      "std": 290.8098
    },
    "word_count": {
      "mean": 109.73,
      "std": 49.6123
    },
    "output_tokens": {
      "mean": 252.28,
      "std": 116.3523
    }
  },
  "mean_8": {
    "accuracy": {
      "mean": 0.5967,
      "std": 0.0377
    },
    "instruction_followed": {
      "mean": 1.0,
      "std": 0.0
    },
    "response_length": {
      "mean": 655.31,
      "std": 135.525
    },
    "word_count": {
      "mean": 135.81,
      "std": 31.5837
    },
    "output_tokens": {
      "mean": 307.08,
      "std": 75.9273
    }
  },
  "mean_16": {
    "accuracy": {
      "mean": 0.4367,
      "std": 0.0776
    },
    "instruction_followed": {
      "mean": 1.0,
      "std": 0.0
    },
    "response_length": {
      "mean": 965.51,
      "std": 211.6265
    },
    "word_count": {
      "mean": 214.77,
      "std": 53.3856
    },
    "output_tokens": {
      "mean": 518.21,
      "std": 138.8537
    }
  }
}