{
  "sorting_8": {
    "accuracy": {
      "mean": 0.9967,
      "std": 0.0047
    },
    "instruction_followed": {
      "mean": 1.0,
      "std": 0.0
    },
    "response_length": {
      "mean": 462.52,
      "std": 111.395
    },
    "word_count": {
      "mean": 80.77,
      "std": 18.8441
    },
    "output_tokens": {
      "mean": 203.11,
      "std": 41.1402
    }
  },
  "sorting_16": {
    "accuracy": {
      "mean": 0.84,
      "std": 0.0294
    },
    "instruction_followed": {
      "mean": 1.0,
      "std": 0.0
    },
    "response_length": {
      "mean": 468.21,
      "std": 132.1356
    },
    "word_count": {
      "mean": 84.55,
      "std": 23.5647
    },
    "output_tokens": {
      "mean": 261.43,
      "std": 66.7733
    }
  },
  "comparison": {
    "accuracy": {
      "mean": 1.0,
      "std": 0.0
    },
    "instruction_followed": {
      "mean": 1.0,
      "std": 0.0
    },
    "response_length": {
      "mean": 468.21,
      "std": 132.1356
    },
    "word_count": {
      "mean": 84.55,
      "std": 23.5647
    },
    "output_tokens": {
      "mean": 261.43,
      "std": 66.7733
    }
  },
  "even_count_8": {
    "accuracy": {
      "mean": 0.96,
      "std": 0.0245
    },
    "instruction_followed": {
      "mean": 1.0,
      "std": 0.0
    },
    "response_length": {
      "mean": 432.39,
      "std": 105.4503
    },
    "word_count": {
      "mean": 86.03,
      "std": 20.7456
    },
    "output_tokens": {
      "mean": 169.45,
      "std": 39.3927
    }
  },
  "even_count_16": {
    "accuracy": {
      "mean": 0.8533,
      "std": 0.0094
    },
    "instruction_followed": {
      "mean": 1.0,
      "std": 0.0
    },
    "response_length": {
      "mean": 583.19,
      "std": 130.087
    },
    "word_count": {
      "mean": 121.81,
      "std": 29.3887
    },
    "output_tokens": {
      "mean": 251.23,
      "std": 61.1307
    }
  },
  "find_minimum_8": {
    "accuracy": {
      "mean": 0.9467,
      "std": 0.0047
    },
    "instruction_followed": {
      "mean": 1.0,
      "std": 0.0
    },
    "response_length": {
      "mean": 653.96,
      "std": 212.4419
    },
    "word_count": {
      "mean": 110.43,
      "std": 36.2897
    },
    "output_tokens": {
      "mean": 236.54,
      "std": 78.2244
    }
  },
  "find_minimum_16": {
    "accuracy": {
      "mean": 0.91,
      "std": 0.0163
    },
    "instruction_followed": {
      "mean": 1.0,
      "std": 0.0
    },
    "response_length": {
      "mean": 715.11,
      "std": 355.3946
    },
    "word_count": {
      "mean": 121.78,
      "std": 59.2828
    },
    "output_tokens": {
      "mean": 275.33,
      "std": 141.5158
    }
  },
  "mean_8": {
    "accuracy": {
      "mean": 0.6267,
      "std": 0.0249
    },
    "instruction_followed": {
      "mean": 1.0,
      "std": 0.0
    },
    "response_length": {
      "mean": 645.81,
      "std": 137.0442
    },
    "word_count": {
      "mean": 134.87,
      "std": 32.454
    },
    "output_tokens": {
      "mean": 304.2,
      "std": 75.0976
    }
  },
  "mean_16": {
    "accuracy": {
      "mean": 0.6167,
      "std": 0.034
    },
    "instruction_followed": {
      "mean": 1.0,
      "std": 0.0
    },
    "response_length": {
      "mean": 1013.82,
      "std": 180.5143
    },
    "word_count": {
      "mean": 232.29,
      "std": 51.588
    },
    "output_tokens": {
      "mean": 572.18,
      "std": 130.6786
    }
  }
}