{
  "sorting_8": {
    "accuracy": {
      "mean": 0.9933,
      "std": 0.0047
    },
    "instruction_followed": {
      "mean": 1.0,
      "std": 0.0
    },
    "response_length": {
      "mean": 461.38,
      "std": 139.9717
    },
    "word_count": {
      "mean": 80.29,
      "std": 23.7641
    },
    "output_tokens": {
      "mean": 200.04,
      "std": 47.786
    }
  },
  "sorting_16": {
    "accuracy": {
      "mean": 0.8867,
      "std": 0.0205
    },
    "instruction_followed": {
      "mean": 1.0,
      "std": 0.0
    },
    "response_length": {
      "mean": 518.76,
      "std": 145.2953
    },
    "word_count": {
      "mean": 91.53,
      "std": 24.2727
    },
    "output_tokens": {
      "mean": 283.85,
      "std": 65.6738
    }
  },
  "comparison": {
    "accuracy": {
      "mean": 1.0,
      "std": 0.0
    },
    "instruction_followed": {
      "mean": 1.0,
      "std": 0.0
    },
    "response_length": {
      "mean": 518.76,
      "std": 145.2953
    },
    "word_count": {
      "mean": 91.53,
      "std": 24.2727
    },
    "output_tokens": {
      "mean": 283.85,
      "std": 65.6738
    }
  },
  "even_count_8": {
    "accuracy": {
      "mean": 0.95,
      "std": 0.0216
    },
    "instruction_followed": {
      "mean": 1.0,
      "std": 0.0
    },
    "response_length": {
      "mean": 447.96,
      "std": 153.8147
    },
    "word_count": {
      "mean": 88.4,
      "std": 30.4259
    },
    "output_tokens": {
      "mean": 169.75,
      "std": 58.0094
    }
  },
  "even_count_16": {
    "accuracy": {
      "mean": 0.8133,
      "std": 0.0205
    },
    "instruction_followed": {
      "mean": 1.0,
      "std": 0.0
    },
    "response_length": {
      "mean": 587.13,
      "std": 187.7726
    },
    "word_count": {
      "mean": 120.29,
      "std": 40.289
    },
    "output_tokens": {
      "mean": 248.44,
      "std": 79.9879
    }
  },
  "find_minimum_8": {
    "accuracy": {
      "mean": 0.9633,
      "std": 0.017
    },
    "instruction_followed": {
      "mean": 1.0,
      "std": 0.0
    },
    "response_length": {
      "mean": 596.94,
      "std": 207.5286
    },
    "word_count": {
      "mean": 102.22,
      "std": 35.784
    },
    "output_tokens": {
      "mean": 210.68,
      "std": 75.1822
    }
  },
  "find_minimum_16": {
    "accuracy": {
      "mean": 0.92,
      "std": 0.0
    },
    "instruction_followed": {
      "mean": 1.0,
      "std": 0.0
    },
    "response_length": {
      "mean": 682.05,
      "std": 298.7795
    },
    "word_count": {
      "mean": 117.04,
      "std": 51.6095
    },
    "output_tokens": {
      "mean": 265.65,
      "std": 119.7646
    }
  },
  "mean_8": {
    "accuracy": {
      "mean": 0.63,
      "std": 0.0432
    },
    "instruction_followed": {
      "mean": 1.0,
      "std": 0.0
    },
    "response_length": {
      "mean": 686.14,
      "std": 134.5009
    },
    "word_count": {
      "mean": 142.48,
      "std": 30.6177
    },
    "output_tokens": {
      "mean": 323.81,
      "std": 73.7547
    }
  },
  "mean_16": {
    "accuracy": {
      "mean": 0.4,
      "std": 0.0294
    },
    "instruction_followed": {
      "mean": 1.0,
      "std": 0.0
    },
    "response_length": {
      "mean": 961.98,
      "std": 229.2145
    },
    "word_count": {
      "mean": 214.97,
      "std": 62.9819
    },
    "output_tokens": {
      "mean": 524.27,
      "std": 161.6987
    }
  }
}