{
  "sorting_8": {
    "accuracy": {
      "mean": 0.7333,
      "std": 0.0943
    },
    "instruction_followed": {
      "mean": 0.9667,
      "std": 0.0471
    },
    "response_length": {
      "mean": 1487.28,
      "std": 612.8002
    },
    "word_count": {
      "mean": 271.45,
      "std": 117.7256
    },
    "output_tokens": {
      "mean": 652.17,
      "std": 291.044
    }
  },
  "sorting_16": {
    "accuracy": {
      "mean": 0.5333,
      "std": 0.0624
    },
    "instruction_followed": {
      "mean": 0.9667,
      "std": 0.0236
    },
    "response_length": {
      "mean": 1632.47,
      "std": 592.3992
    },
    "word_count": {
      "mean": 305.38,
      "std": 121.4846
    },
    "output_tokens": {
      "mean": 790.13,
      "std": 280.6889
    }
  },
  "sorting_32": {
    "accuracy": {
      "mean": 0.25,
      "std": 0.0707
    },
    "instruction_followed": {
      "mean": 0.95,
      "std": 0.0408
    },
    "response_length": {
      "mean": 1612.9,
      "std": 544.3734
    },
    "word_count": {
      "mean": 296.42,
      "std": 106.1865
    },
    "output_tokens": {
      "mean": 826.18,
      "std": 249.0769
    }
  },
  "sorting_64": {
    "accuracy": {
      "mean": 0.2667,
      "std": 0.085
    },
    "instruction_followed": {
      "mean": 0.9167,
      "std": 0.0236
    },
    "response_length": {
      "mean": 1729.72,
      "std": 465.3371
    },
    "word_count": {
      "mean": 313.42,
      "std": 93.3549
    },
    "output_tokens": {
      "mean": 955.23,
      "std": 159.8748
    }
  },
  "comparison": {
    "accuracy": {
      "mean": 0.05,
      "std": 0.0408
    },
    "instruction_followed": {
      "mean": 0.05,
      "std": 0.0408
    },
    "response_length": {
      "mean": 403.82,
      "std": 28.3353
    },
    "word_count": {
      "mean": 69.57,
      "std": 5.425
    },
    "output_tokens": {
      "mean": 111.37,
      "std": 7.8299
    }
  },
  "sum_8": {
    "accuracy": {
      "mean": 0.2667,
      "std": 0.085
    },
    "instruction_followed": {
      "mean": 0.9667,
      "std": 0.0236
    },
    "response_length": {
      "mean": 475.82,
      "std": 205.2078
    },
    "word_count": {
      "mean": 114.22,
      "std": 66.5811
    },
    "output_tokens": {
      "mean": 249.53,
      "std": 159.2955
    }
  },
  "sum_16": {
    "accuracy": {
      "mean": 0.1167,
      "std": 0.0471
    },
    "instruction_followed": {
      "mean": 0.7833,
      "std": 0.0471
    },
    "response_length": {
      "mean": 817.27,
      "std": 449.1352
    },
    "word_count": {
      "mean": 211.32,
      "std": 120.3507
    },
    "output_tokens": {
      "mean": 494.78,
      "std": 297.0936
    }
  },
  "sum_32": {
    "accuracy": {
      "mean": 0.0167,
      "std": 0.0236
    },
    "instruction_followed": {
      "mean": 0.7667,
      "std": 0.085
    },
    "response_length": {
      "mean": 933.63,
      "std": 416.2651
    },
    "word_count": {
      "mean": 242.45,
      "std": 125.1373
    },
    "output_tokens": {
      "mean": 577.55,
      "std": 298.6072
    }
  },
  "sum_64": {
    "accuracy": {
      "mean": 0.0,
      "std": 0.0
    },
    "instruction_followed": {
      "mean": 0.6667,
      "std": 0.085
    },
    "response_length": {
      "mean": 1118.97,
      "std": 335.0393
    },
    "word_count": {
      "mean": 295.5,
      "std": 99.798
    },
    "output_tokens": {
      "mean": 736.05,
      "std": 253.6577
    }
  },
  "multiplication_2": {
    "accuracy": {
      "mean": 0.0333,
      "std": 0.0236
    },
    "instruction_followed": {
      "mean": 0.9833,
      "std": 0.0236
    },
    "response_length": {
      "mean": 325.47,
      "std": 290.2836
    },
    "word_count": {
      "mean": 60.28,
      "std": 65.1667
    },
    "output_tokens": {
      "mean": 118.22,
      "std": 135.5249
    }
  },
  "multiplication_4": {
    "accuracy": {
      "mean": 0.0,
      "std": 0.0
    },
    "instruction_followed": {
      "mean": 1.0,
      "std": 0.0
    },
    "response_length": {
      "mean": 514.47,
      "std": 129.8167
    },
    "word_count": {
      "mean": 86.67,
      "std": 23.8157
    },
    "output_tokens": {
      "mean": 207.63,
      "std": 45.9478
    }
  },
  "multiplication_8": {
    "accuracy": {
      "mean": 0.0,
      "std": 0.0
    },
    "instruction_followed": {
      "mean": 0.8833,
      "std": 0.0236
    },
    "response_length": {
      "mean": 955.93,
      "std": 335.9225
    },
    "word_count": {
      "mean": 148.55,
      "std": 58.6098
    },
    "output_tokens": {
      "mean": 456.52,
      "std": 168.0032
    }
  },
  "odd_count_8": {
    "accuracy": {
      "mean": 0.6333,
      "std": 0.0236
    },
    "instruction_followed": {
      "mean": 1.0,
      "std": 0.0
    },
    "response_length": {
      "mean": 841.35,
      "std": 214.447
    },
    "word_count": {
      "mean": 170.7,
      "std": 43.2821
    },
    "output_tokens": {
      "mean": 278.12,
      "std": 75.3481
    }
  },
  "odd_count_16": {
    "accuracy": {
      "mean": 0.4833,
      "std": 0.1027
    },
    "instruction_followed": {
      "mean": 1.0,
      "std": 0.0
    },
    "response_length": {
      "mean": 1184.4,
      "std": 380.5187
    },
    "word_count": {
      "mean": 247.28,
      "std": 82.4876
    },
    "output_tokens": {
      "mean": 423.12,
      "std": 137.2584
    }
  },
  "odd_count_32": {
    "accuracy": {
      "mean": 0.2,
      "std": 0.108
    },
    "instruction_followed": {
      "mean": 0.9333,
      "std": 0.0236
    },
    "response_length": {
      "mean": 1593.58,
      "std": 718.8985
    },
    "word_count": {
      "mean": 337.28,
      "std": 147.6515
    },
    "output_tokens": {
      "mean": 625.87,
      "std": 225.9974
    }
  },
  "odd_count_64": {
    "accuracy": {
      "mean": 0.0333,
      "std": 0.0236
    },
    "instruction_followed": {
      "mean": 0.5667,
      "std": 0.1179
    },
    "response_length": {
      "mean": 1883.9,
      "std": 808.4365
    },
    "word_count": {
      "mean": 402.87,
      "std": 178.9371
    },
    "output_tokens": {
      "mean": 800.83,
      "std": 254.3071
    }
  },
  "even_count_8": {
    "accuracy": {
      "mean": 0.6833,
      "std": 0.0624
    },
    "instruction_followed": {
      "mean": 1.0,
      "std": 0.0
    },
    "response_length": {
      "mean": 727.3,
      "std": 227.1825
    },
    "word_count": {
      "mean": 149.98,
      "std": 48.7164
    },
    "output_tokens": {
      "mean": 236.08,
      "std": 74.7189
    }
  },
  "even_count_16": {
    "accuracy": {
      "mean": 0.5,
      "std": 0.0
    },
    "instruction_followed": {
      "mean": 1.0,
      "std": 0.0
    },
    "response_length": {
      "mean": 954.38,
      "std": 365.1145
    },
    "word_count": {
      "mean": 200.93,
      "std": 79.2227
    },
    "output_tokens": {
      "mean": 338.87,
      "std": 121.3529
    }
  },
  "even_count_32": {
    "accuracy": {
      "mean": 0.2667,
      "std": 0.0236
    },
    "instruction_followed": {
      "mean": 0.9833,
      "std": 0.0236
    },
    "response_length": {
      "mean": 1313.37,
      "std": 655.8072
    },
    "word_count": {
      "mean": 287.87,
      "std": 144.9147
    },
    "output_tokens": {
      "mean": 503.53,
      "std": 224.5118
    }
  },
  "even_count_64": {
    "accuracy": {
      "mean": 0.0,
      "std": 0.0
    },
    "instruction_followed": {
      "mean": 0.8333,
      "std": 0.0236
    },
    "response_length": {
      "mean": 1506.37,
      "std": 724.814
    },
    "word_count": {
      "mean": 337.18,
      "std": 163.8677
    },
    "output_tokens": {
      "mean": 668.22,
      "std": 228.2104
    }
  },
  "absolute_difference": {
    "accuracy": {
      "mean": 0.8167,
      "std": 0.0624
    },
    "instruction_followed": {
      "mean": 1.0,
      "std": 0.0
    },
    "response_length": {
      "mean": 440.63,
      "std": 4.1907
    },
    "word_count": {
      "mean": 76.12,
      "std": 0.3659
    },
    "output_tokens": {
      "mean": 133.08,
      "std": 2.721
    }
  },
  "division": {
    "accuracy": {
      "mean": 0.6167,
      "std": 0.1027
    },
    "instruction_followed": {
      "mean": 0.9667,
      "std": 0.0236
    },
    "response_length": {
      "mean": 457.5,
      "std": 47.094
    },
    "word_count": {
      "mean": 73.38,
      "std": 8.0267
    },
    "output_tokens": {
      "mean": 182.15,
      "std": 32.5503
    }
  },
  "find_maximum_8": {
    "accuracy": {
      "mean": 0.9,
      "std": 0.0
    },
    "instruction_followed": {
      "mean": 1.0,
      "std": 0.0
    },
    "response_length": {
      "mean": 873.18,
      "std": 206.2884
    },
    "word_count": {
      "mean": 164.23,
      "std": 40.3639
    },
    "output_tokens": {
      "mean": 288.78,
      "std": 74.5082
    }
  },
  "find_maximum_16": {
    "accuracy": {
      "mean": 0.6667,
      "std": 0.165
    },
    "instruction_followed": {
      "mean": 0.8833,
      "std": 0.1312
    },
    "response_length": {
      "mean": 1050.93,
      "std": 558.3465
    },
    "word_count": {
      "mean": 197.62,
      "std": 110.0854
    },
    "output_tokens": {
      "mean": 375.13,
      "std": 223.1538
    }
  },
  "find_maximum_32": {
    "accuracy": {
      "mean": 0.5167,
      "std": 0.0236
    },
    "instruction_followed": {
      "mean": 0.7833,
      "std": 0.0471
    },
    "response_length": {
      "mean": 1351.03,
      "std": 945.1637
    },
    "word_count": {
      "mean": 252.67,
      "std": 180.3806
    },
    "output_tokens": {
      "mean": 507.25,
      "std": 318.981
    }
  },
  "find_maximum_64": {
    "accuracy": {
      "mean": 0.5833,
      "std": 0.0236
    },
    "instruction_followed": {
      "mean": 0.6667,
      "std": 0.0943
    },
    "response_length": {
      "mean": 1149.45,
      "std": 796.4849
    },
    "word_count": {
      "mean": 215.5,
      "std": 156.2253
    },
    "output_tokens": {
      "mean": 510.63,
      "std": 317.793
    }
  },
  "find_minimum_8": {
    "accuracy": {
      "mean": 0.6833,
      "std": 0.0471
    },
    "instruction_followed": {
      "mean": 0.9833,
      "std": 0.0236
    },
    "response_length": {
      "mean": 939.33,
      "std": 373.2612
    },
    "word_count": {
      "mean": 172.62,
      "std": 74.1015
    },
    "output_tokens": {
      "mean": 314.42,
      "std": 146.2965
    }
  },
  "find_minimum_16": {
    "accuracy": {
      "mean": 0.55,
      "std": 0.0408
    },
    "instruction_followed": {
      "mean": 0.9833,
      "std": 0.0236
    },
    "response_length": {
      "mean": 1044.3,
      "std": 557.5062
    },
    "word_count": {
      "mean": 192.85,
      "std": 104.9315
    },
    "output_tokens": {
      "mean": 349.02,
      "std": 187.4475
    }
  },
  "find_minimum_32": {
    "accuracy": {
      "mean": 0.6,
      "std": 0.0816
    },
    "instruction_followed": {
      "mean": 0.85,
      "std": 0.0707
    },
    "response_length": {
      "mean": 1057.32,
      "std": 766.0503
    },
    "word_count": {
      "mean": 191.08,
      "std": 140.8944
    },
    "output_tokens": {
      "mean": 387.85,
      "std": 272.9321
    }
  },
  "find_minimum_64": {
    "accuracy": {
      "mean": 0.5333,
      "std": 0.0471
    },
    "instruction_followed": {
      "mean": 0.75,
      "std": 0.0816
    },
    "response_length": {
      "mean": 1164.43,
      "std": 906.0248
    },
    "word_count": {
      "mean": 212.33,
      "std": 169.2693
    },
    "output_tokens": {
      "mean": 438.08,
      "std": 342.9409
    }
  },
  "subtraction": {
    "accuracy": {
      "mean": 0.5667,
      "std": 0.0471
    },
    "instruction_followed": {
      "mean": 1.0,
      "std": 0.0
    },
    "response_length": {
      "mean": 446.12,
      "std": 47.0542
    },
    "word_count": {
      "mean": 85.6,
      "std": 9.3921
    },
    "output_tokens": {
      "mean": 156.72,
      "std": 13.5098
    }
  },
  "mean_8": {
    "accuracy": {
      "mean": 0.0333,
      "std": 0.0236
    },
    "instruction_followed": {
      "mean": 1.0,
      "std": 0.0
    },
    "response_length": {
      "mean": 560.57,
      "std": 229.3976
    },
    "word_count": {
      "mean": 121.75,
      "std": 64.1583
    },
    "output_tokens": {
      "mean": 260.5,
      "std": 157.5119
    }
  },
  "mean_16": {
    "accuracy": {
      "mean": 0.0167,
      "std": 0.0236
    },
    "instruction_followed": {
      "mean": 1.0,
      "std": 0.0
    },
    "response_length": {
      "mean": 762.93,
      "std": 295.8363
    },
    "word_count": {
      "mean": 184.95,
      "std": 97.7666
    },
    "output_tokens": {
      "mean": 422.07,
      "std": 251.9343
    }
  },
  "mean_32": {
    "accuracy": {
      "mean": 0.0,
      "std": 0.0
    },
    "instruction_followed": {
      "mean": 1.0,
      "std": 0.0
    },
    "response_length": {
      "mean": 796.55,
      "std": 233.1072
    },
    "word_count": {
      "mean": 191.27,
      "std": 72.623
    },
    "output_tokens": {
      "mean": 434.25,
      "std": 172.7299
    }
  },
  "mean_64": {
    "accuracy": {
      "mean": 0.0,
      "std": 0.0
    },
    "instruction_followed": {
      "mean": 0.9667,
      "std": 0.0236
    },
    "response_length": {
      "mean": 1032.75,
      "std": 315.4308
    },
    "word_count": {
      "mean": 261.38,
      "std": 92.3447
    },
    "output_tokens": {
      "mean": 597.43,
      "std": 202.0354
    }
  },
  "median_8": {
    "accuracy": {
      "mean": 0.6333,
      "std": 0.0471
    },
    "instruction_followed": {
      "mean": 1.0,
      "std": 0.0
    },
    "response_length": {
      "mean": 456.08,
      "std": 76.6214
    },
    "word_count": {
      "mean": 82.72,
      "std": 14.6083
    },
    "output_tokens": {
      "mean": 178.2,
      "std": 21.6763
    }
  },
  "median_16": {
    "accuracy": {
      "mean": 0.1667,
      "std": 0.0624
    },
    "instruction_followed": {
      "mean": 1.0,
      "std": 0.0
    },
    "response_length": {
      "mean": 472.32,
      "std": 60.7617
    },
    "word_count": {
      "mean": 87.18,
      "std": 11.2004
    },
    "output_tokens": {
      "mean": 206.9,
      "std": 24.3322
    }
  },
  "median_32": {
    "accuracy": {
      "mean": 0.05,
      "std": 0.0707
    },
    "instruction_followed": {
      "mean": 1.0,
      "std": 0.0
    },
    "response_length": {
      "mean": 579.1,
      "std": 126.4444
    },
    "word_count": {
      "mean": 106.4,
      "std": 22.8445
    },
    "output_tokens": {
      "mean": 304.32,
      "std": 99.1659
    }
  },
  "median_64": {
    "accuracy": {
      "mean": 0.0,
      "std": 0.0
    },
    "instruction_followed": {
      "mean": 0.8667,
      "std": 0.085
    },
    "response_length": {
      "mean": 836.18,
      "std": 333.2087
    },
    "word_count": {
      "mean": 179.57,
      "std": 166.6594
    },
    "output_tokens": {
      "mean": 526.1,
      "std": 214.0337
    }
  },
  "mode_8": {
    "accuracy": {
      "mean": 1.0,
      "std": 0.0
    },
    "instruction_followed": {
      "mean": 1.0,
      "std": 0.0
    },
    "response_length": {
      "mean": 549.77,
      "std": 135.3747
    },
    "word_count": {
      "mean": 101.75,
      "std": 23.0236
    },
    "output_tokens": {
      "mean": 170.77,
      "std": 37.827
    }
  },
  "mode_16": {
    "accuracy": {
      "mean": 0.8833,
      "std": 0.0236
    },
    "instruction_followed": {
      "mean": 1.0,
      "std": 0.0
    },
    "response_length": {
      "mean": 744.78,
      "std": 190.035
    },
    "word_count": {
      "mean": 142.17,
      "std": 32.0069
    },
    "output_tokens": {
      "mean": 256.78,
      "std": 55.2721
    }
  },
  "mode_32": {
    "accuracy": {
      "mean": 0.7833,
      "std": 0.0624
    },
    "instruction_followed": {
      "mean": 0.9833,
      "std": 0.0236
    },
    "response_length": {
      "mean": 960.17,
      "std": 289.2722
    },
    "word_count": {
      "mean": 188.1,
      "std": 55.5172
    },
    "output_tokens": {
      "mean": 403.78,
      "std": 101.2379
    }
  },
  "mode_64": {
    "accuracy": {
      "mean": 0.4,
      "std": 0.0408
    },
    "instruction_followed": {
      "mean": 0.9833,
      "std": 0.0236
    },
    "response_length": {
      "mean": 1372.97,
      "std": 496.928
    },
    "word_count": {
      "mean": 278.03,
      "std": 104.3007
    },
    "output_tokens": {
      "mean": 635.03,
      "std": 180.9361
    }
  }
}