{
  "sorting_8": {
    "accuracy": {
      "mean": 0.88,
      "std": 0.0082
    },
    "instruction_followed": {
      "mean": 1.0,
      "std": 0.0
    },
    "response_length": {
      "mean": 146.97,
      "std": 183.7902
    },
    "word_count": {
      "mean": 25.33,
      "std": 34.1588
    },
    "output_tokens": {
      "mean": 77.72,
      "std": 77.6152
    }
  },
  "sorting_16": {
    "accuracy": {
      "mean": 0.2533,
      "std": 0.017
    },
    "instruction_followed": {
      "mean": 1.0,
      "std": 0.0
    },
    "response_length": {
      "mean": 226.92,
      "std": 243.574
    },
    "word_count": {
      "mean": 38.85,
      "std": 41.5562
    },
    "output_tokens": {
      "mean": 142.24,
      "std": 146.305
    }
  },
  "sorting_32": {
    "accuracy": {
      "mean": 0.0033,
      "std": 0.0047
    },
    "instruction_followed": {
      "mean": 0.9833,
      "std": 0.0047
    },
    "response_length": {
      "mean": 465.5,
      "std": 389.2028
    },
    "word_count": {
      "mean": 83.13,
      "std": 70.5599
    },
    "output_tokens": {
      "mean": 301.43,
      "std": 204.2352
    }
  },
  "sorting_64": {
    "accuracy": {
      "mean": 0.02,
      "std": 0.0082
    },
    "instruction_followed": {
      "mean": 0.96,
      "std": 0.0294
    },
    "response_length": {
      "mean": 767.28,
      "std": 419.7486
    },
    "word_count": {
      "mean": 140.3,
      "std": 76.3881
    },
    "output_tokens": {
      "mean": 539.98,
      "std": 252.7749
    }
  },
  "comparison": {
    "accuracy": {
      "mean": 0.69,
      "std": 0.0141
    },
    "instruction_followed": {
      "mean": 1.0,
      "std": 0.0
    },
    "response_length": {
      "mean": 27.61,
      "std": 1.9257
    },
    "word_count": {
      "mean": 3.78,
      "std": 0.3586
    },
    "output_tokens": {
      "mean": 10.92,
      "std": 0.5419
    }
  },
  "sum_8": {
    "accuracy": {
      "mean": 0.1,
      "std": 0.0283
    },
    "instruction_followed": {
      "mean": 0.9967,
      "std": 0.0047
    },
    "response_length": {
      "mean": 311.16,
      "std": 146.6491
    },
    "word_count": {
      "mean": 65.6,
      "std": 31.0141
    },
    "output_tokens": {
      "mean": 163.94,
      "std": 72.8947
    }
  },
  "sum_16": {
    "accuracy": {
      "mean": 0.0467,
      "std": 0.0094
    },
    "instruction_followed": {
      "mean": 0.9933,
      "std": 0.0047
    },
    "response_length": {
      "mean": 469.19,
      "std": 198.0464
    },
    "word_count": {
      "mean": 108.25,
      "std": 46.602
    },
    "output_tokens": {
      "mean": 277.49,
      "std": 119.2237
    }
  },
  "sum_32": {
    "accuracy": {
      "mean": 0.0,
      "std": 0.0
    },
    "instruction_followed": {
      "mean": 0.95,
      "std": 0.0082
    },
    "response_length": {
      "mean": 673.61,
      "std": 312.3161
    },
    "word_count": {
      "mean": 158.81,
      "std": 80.5175
    },
    "output_tokens": {
      "mean": 430.34,
      "std": 224.9693
    }
  },
  "sum_64": {
    "accuracy": {
      "mean": 0.0,
      "std": 0.0
    },
    "instruction_followed": {
      "mean": 0.8733,
      "std": 0.0368
    },
    "response_length": {
      "mean": 827.63,
      "std": 338.2084
    },
    "word_count": {
      "mean": 191.21,
      "std": 90.9951
    },
    "output_tokens": {
      "mean": 548.43,
      "std": 260.0663
    }
  },
  "multiplication_2": {
    "accuracy": {
      "mean": 0.0467,
      "std": 0.0047
    },
    "instruction_followed": {
      "mean": 1.0,
      "std": 0.0
    },
    "response_length": {
      "mean": 155.26,
      "std": 102.8934
    },
    "word_count": {
      "mean": 26.79,
      "std": 18.8938
    },
    "output_tokens": {
      "mean": 61.85,
      "std": 35.602
    }
  },
  "multiplication_4": {
    "accuracy": {
      "mean": 0.0,
      "std": 0.0
    },
    "instruction_followed": {
      "mean": 0.99,
      "std": 0.0082
    },
    "response_length": {
      "mean": 449.79,
      "std": 154.0062
    },
    "word_count": {
      "mean": 76.06,
      "std": 26.2337
    },
    "output_tokens": {
      "mean": 206.03,
      "std": 77.1407
    }
  },
  "multiplication_8": {
    "accuracy": {
      "mean": 0.0033,
      "std": 0.0047
    },
    "instruction_followed": {
      "mean": 0.9333,
      "std": 0.017
    },
    "response_length": {
      "mean": 731.08,
      "std": 251.7018
    },
    "word_count": {
      "mean": 127.4,
      "std": 48.2681
    },
    "output_tokens": {
      "mean": 362.35,
      "std": 158.4529
    }
  },
  "odd_count_8": {
    "accuracy": {
      "mean": 0.1567,
      "std": 0.0047
    },
    "instruction_followed": {
      "mean": 1.0,
      "std": 0.0
    },
    "response_length": {
      "mean": 611.4,
      "std": 255.8507
    },
    "word_count": {
      "mean": 124.82,
      "std": 53.824
    },
    "output_tokens": {
      "mean": 224.27,
      "std": 90.1039
    }
  },
  "odd_count_16": {
    "accuracy": {
      "mean": 0.0867,
      "std": 0.0205
    },
    "instruction_followed": {
      "mean": 0.9967,
      "std": 0.0047
    },
    "response_length": {
      "mean": 669.99,
      "std": 344.1554
    },
    "word_count": {
      "mean": 135.14,
      "std": 75.8682
    },
    "output_tokens": {
      "mean": 276.1,
      "std": 135.7514
    }
  },
  "odd_count_32": {
    "accuracy": {
      "mean": 0.0767,
      "std": 0.017
    },
    "instruction_followed": {
      "mean": 0.9733,
      "std": 0.0094
    },
    "response_length": {
      "mean": 838.94,
      "std": 435.1594
    },
    "word_count": {
      "mean": 164.12,
      "std": 95.2749
    },
    "output_tokens": {
      "mean": 379.56,
      "std": 179.8462
    }
  },
  "odd_count_64": {
    "accuracy": {
      "mean": 0.02,
      "std": 0.0141
    },
    "instruction_followed": {
      "mean": 0.8967,
      "std": 0.0125
    },
    "response_length": {
      "mean": 1010.61,
      "std": 497.5685
    },
    "word_count": {
      "mean": 198.91,
      "std": 114.3519
    },
    "output_tokens": {
      "mean": 518.14,
      "std": 217.9993
    }
  },
  "even_count_8": {
    "accuracy": {
      "mean": 0.1933,
      "std": 0.0419
    },
    "instruction_followed": {
      "mean": 1.0,
      "std": 0.0
    },
    "response_length": {
      "mean": 520.81,
      "std": 233.4529
    },
    "word_count": {
      "mean": 106.01,
      "std": 49.1409
    },
    "output_tokens": {
      "mean": 190.92,
      "std": 81.6675
    }
  },
  "even_count_16": {
    "accuracy": {
      "mean": 0.1,
      "std": 0.0163
    },
    "instruction_followed": {
      "mean": 0.9967,
      "std": 0.0047
    },
    "response_length": {
      "mean": 650.88,
      "std": 375.5091
    },
    "word_count": {
      "mean": 131.68,
      "std": 80.0246
    },
    "output_tokens": {
      "mean": 254.62,
      "std": 136.2521
    }
  },
  "even_count_32": {
    "accuracy": {
      "mean": 0.0267,
      "std": 0.0249
    },
    "instruction_followed": {
      "mean": 0.99,
      "std": 0.0082
    },
    "response_length": {
      "mean": 771.0,
      "std": 420.7364
    },
    "word_count": {
      "mean": 154.35,
      "std": 90.6702
    },
    "output_tokens": {
      "mean": 336.47,
      "std": 165.7086
    }
  },
  "even_count_64": {
    "accuracy": {
      "mean": 0.0133,
      "std": 0.0125
    },
    "instruction_followed": {
      "mean": 0.97,
      "std": 0.0
    },
    "response_length": {
      "mean": 828.04,
      "std": 406.433
    },
    "word_count": {
      "mean": 169.31,
      "std": 88.6684
    },
    "output_tokens": {
      "mean": 426.71,
      "std": 206.291
    }
  },
  "absolute_difference": {
    "accuracy": {
      "mean": 0.79,
      "std": 0.0163
    },
    "instruction_followed": {
      "mean": 1.0,
      "std": 0.0
    },
    "response_length": {
      "mean": 316.24,
      "std": 22.9079
    },
    "word_count": {
      "mean": 55.15,
      "std": 3.9758
    },
    "output_tokens": {
      "mean": 99.97,
      "std": 6.0464
    }
  },
  "division": {
    "accuracy": {
      "mean": 0.4667,
      "std": 0.0125
    },
    "instruction_followed": {
      "mean": 0.9867,
      "std": 0.0047
    },
    "response_length": {
      "mean": 238.32,
      "std": 7.2312
    },
    "word_count": {
      "mean": 36.4,
      "std": 1.1594
    },
    "output_tokens": {
      "mean": 100.86,
      "std": 3.2467
    }
  },
  "find_maximum_8": {
    "accuracy": {
      "mean": 0.7733,
      "std": 0.045
    },
    "instruction_followed": {
      "mean": 0.9767,
      "std": 0.0094
    },
    "response_length": {
      "mean": 536.08,
      "std": 276.1362
    },
    "word_count": {
      "mean": 101.37,
      "std": 51.7355
    },
    "output_tokens": {
      "mean": 205.67,
      "std": 107.3706
    }
  },
  "find_maximum_16": {
    "accuracy": {
      "mean": 0.7967,
      "std": 0.0047
    },
    "instruction_followed": {
      "mean": 0.8833,
      "std": 0.045
    },
    "response_length": {
      "mean": 712.23,
      "std": 335.2254
    },
    "word_count": {
      "mean": 128.07,
      "std": 62.4487
    },
    "output_tokens": {
      "mean": 276.6,
      "std": 131.1748
    }
  },
  "find_maximum_32": {
    "accuracy": {
      "mean": 0.72,
      "std": 0.0
    },
    "instruction_followed": {
      "mean": 0.81,
      "std": 0.0374
    },
    "response_length": {
      "mean": 618.28,
      "std": 242.5201
    },
    "word_count": {
      "mean": 108.81,
      "std": 42.9996
    },
    "output_tokens": {
      "mean": 288.52,
      "std": 96.7119
    }
  },
  "find_maximum_64": {
    "accuracy": {
      "mean": 0.69,
      "std": 0.0082
    },
    "instruction_followed": {
      "mean": 0.8333,
      "std": 0.0125
    },
    "response_length": {
      "mean": 771.0,
      "std": 132.3367
    },
    "word_count": {
      "mean": 136.56,
      "std": 23.6556
    },
    "output_tokens": {
      "mean": 435.18,
      "std": 59.2725
    }
  },
  "find_minimum_8": {
    "accuracy": {
      "mean": 0.68,
      "std": 0.0356
    },
    "instruction_followed": {
      "mean": 0.9867,
      "std": 0.0125
    },
    "response_length": {
      "mean": 442.89,
      "std": 276.8464
    },
    "word_count": {
      "mean": 82.34,
      "std": 51.4885
    },
    "output_tokens": {
      "mean": 168.16,
      "std": 101.4771
    }
  },
  "find_minimum_16": {
    "accuracy": {
      "mean": 0.6767,
      "std": 0.0236
    },
    "instruction_followed": {
      "mean": 0.93,
      "std": 0.0082
    },
    "response_length": {
      "mean": 620.58,
      "std": 346.5745
    },
    "word_count": {
      "mean": 110.73,
      "std": 62.8228
    },
    "output_tokens": {
      "mean": 241.01,
      "std": 122.8846
    }
  },
  "find_minimum_32": {
    "accuracy": {
      "mean": 0.5833,
      "std": 0.0205
    },
    "instruction_followed": {
      "mean": 0.9033,
      "std": 0.0262
    },
    "response_length": {
      "mean": 606.25,
      "std": 246.5886
    },
    "word_count": {
      "mean": 107.15,
      "std": 42.9597
    },
    "output_tokens": {
      "mean": 277.21,
      "std": 94.136
    }
  },
  "find_minimum_64": {
    "accuracy": {
      "mean": 0.5667,
      "std": 0.0249
    },
    "instruction_followed": {
      "mean": 0.8433,
      "std": 0.0464
    },
    "response_length": {
      "mean": 766.4,
      "std": 203.9877
    },
    "word_count": {
      "mean": 135.69,
      "std": 34.5063
    },
    "output_tokens": {
      "mean": 429.82,
      "std": 99.9639
    }
  },
  "subtraction": {
    "accuracy": {
      "mean": 0.45,
      "std": 0.0082
    },
    "instruction_followed": {
      "mean": 0.9633,
      "std": 0.0047
    },
    "response_length": {
      "mean": 333.36,
      "std": 1.431
    },
    "word_count": {
      "mean": 59.87,
      "std": 0.3552
    },
    "output_tokens": {
      "mean": 126.53,
      "std": 1.8418
    }
  },
  "mean_8": {
    "accuracy": {
      "mean": 0.0,
      "std": 0.0
    },
    "instruction_followed": {
      "mean": 0.98,
      "std": 0.0082
    },
    "response_length": {
      "mean": 372.7,
      "std": 71.8748
    },
    "word_count": {
      "mean": 77.97,
      "std": 14.7076
    },
    "output_tokens": {
      "mean": 155.3,
      "std": 27.7303
    }
  },
  "mean_16": {
    "accuracy": {
      "mean": 0.0,
      "std": 0.0
    },
    "instruction_followed": {
      "mean": 0.9833,
      "std": 0.0094
    },
    "response_length": {
      "mean": 450.79,
      "std": 70.705
    },
    "word_count": {
      "mean": 96.42,
      "std": 14.861
    },
    "output_tokens": {
      "mean": 206.66,
      "std": 29.9669
    }
  },
  "mean_32": {
    "accuracy": {
      "mean": 0.0,
      "std": 0.0
    },
    "instruction_followed": {
      "mean": 0.9833,
      "std": 0.0047
    },
    "response_length": {
      "mean": 621.92,
      "std": 126.5178
    },
    "word_count": {
      "mean": 140.7,
      "std": 32.6615
    },
    "output_tokens": {
      "mean": 322.93,
      "std": 79.1364
    }
  },
  "mean_64": {
    "accuracy": {
      "mean": 0.0,
      "std": 0.0
    },
    "instruction_followed": {
      "mean": 0.9967,
      "std": 0.0047
    },
    "response_length": {
      "mean": 831.32,
      "std": 118.7247
    },
    "word_count": {
      "mean": 198.86,
      "std": 28.7098
    },
    "output_tokens": {
      "mean": 478.73,
      "std": 78.9399
    }
  },
  "median_8": {
    "accuracy": {
      "mean": 0.0733,
      "std": 0.017
    },
    "instruction_followed": {
      "mean": 1.0,
      "std": 0.0
    },
    "response_length": {
      "mean": 439.79,
      "std": 100.3745
    },
    "word_count": {
      "mean": 84.09,
      "std": 18.9618
    },
    "output_tokens": {
      "mean": 174.69,
      "std": 31.1226
    }
  },
  "median_16": {
    "accuracy": {
      "mean": 0.0233,
      "std": 0.017
    },
    "instruction_followed": {
      "mean": 1.0,
      "std": 0.0
    },
    "response_length": {
      "mean": 485.83,
      "std": 118.899
    },
    "word_count": {
      "mean": 93.4,
      "std": 23.7826
    },
    "output_tokens": {
      "mean": 211.2,
      "std": 37.3584
    }
  },
  "median_32": {
    "accuracy": {
      "mean": 0.0067,
      "std": 0.0047
    },
    "instruction_followed": {
      "mean": 0.9967,
      "std": 0.0047
    },
    "response_length": {
      "mean": 594.26,
      "std": 150.6013
    },
    "word_count": {
      "mean": 113.31,
      "std": 29.8852
    },
    "output_tokens": {
      "mean": 290.41,
      "std": 58.7849
    }
  },
  "median_64": {
    "accuracy": {
      "mean": 0.0,
      "std": 0.0
    },
    "instruction_followed": {
      "mean": 1.0,
      "std": 0.0
    },
    "response_length": {
      "mean": 749.49,
      "std": 154.4087
    },
    "word_count": {
      "mean": 142.9,
      "std": 31.4154
    },
    "output_tokens": {
      "mean": 435.63,
      "std": 74.2974
    }
  },
  "mode_8": {
    "accuracy": {
      "mean": 0.93,
      "std": 0.0163
    },
    "instruction_followed": {
      "mean": 1.0,
      "std": 0.0
    },
    "response_length": {
      "mean": 266.82,
      "std": 164.1908
    },
    "word_count": {
      "mean": 48.32,
      "std": 30.0006
    },
    "output_tokens": {
      "mean": 93.37,
      "std": 62.7747
    }
  },
  "mode_16": {
    "accuracy": {
      "mean": 0.6033,
      "std": 0.0386
    },
    "instruction_followed": {
      "mean": 0.9933,
      "std": 0.0047
    },
    "response_length": {
      "mean": 540.89,
      "std": 227.0557
    },
    "word_count": {
      "mean": 101.14,
      "std": 40.9055
    },
    "output_tokens": {
      "mean": 228.35,
      "std": 87.8049
    }
  },
  "mode_32": {
    "accuracy": {
      "mean": 0.29,
      "std": 0.0082
    },
    "instruction_followed": {
      "mean": 0.9867,
      "std": 0.0094
    },
    "response_length": {
      "mean": 931.07,
      "std": 267.9619
    },
    "word_count": {
      "mean": 175.04,
      "std": 47.9073
    },
    "output_tokens": {
      "mean": 428.63,
      "std": 101.0201
    }
  },
  "mode_64": {
    "accuracy": {
      "mean": 0.14,
      "std": 0.0141
    },
    "instruction_followed": {
      "mean": 0.9833,
      "std": 0.017
    },
    "response_length": {
      "mean": 1316.72,
      "std": 411.7198
    },
    "word_count": {
      "mean": 252.15,
      "std": 84.7246
    },
    "output_tokens": {
      "mean": 688.99,
      "std": 167.5464
    }
  }
}