{
  "sorting_8": {
    "accuracy": {
      "mean": 0.79,
      "std": 0.0141
    },
    "instruction_followed": {
      "mean": 1.0,
      "std": 0.0
    },
    "response_length": {
      "mean": 220.42,
      "std": 274.7896
    },
    "word_count": {
      "mean": 38.69,
      "std": 48.9089
    },
    "output_tokens": {
      "mean": 96.1,
      "std": 99.2591
    }
  },
  "sorting_16": {
    "accuracy": {
      "mean": 0.2267,
      "std": 0.0205
    },
    "instruction_followed": {
      "mean": 1.0,
      "std": 0.0
    },
    "response_length": {
      "mean": 237.85,
      "std": 310.6683
    },
    "word_count": {
      "mean": 41.92,
      "std": 55.2642
    },
    "output_tokens": {
      "mean": 137.63,
      "std": 162.4652
    }
  },
  "comparison": {
    "accuracy": {
      "mean": 0.38,
      "std": 0.0455
    },
    "instruction_followed": {
      "mean": 0.46,
      "std": 0.0356
    },
    "response_length": {
      "mean": 301.84,
      "std": 12.1651
    },
    "word_count": {
      "mean": 53.97,
      "std": 1.9526
    },
    "output_tokens": {
      "mean": 87.14,
      "std": 2.9934
    }
  },
  "even_count_8": {
    "accuracy": {
      "mean": 0.5267,
      "std": 0.045
    },
    "instruction_followed": {
      "mean": 0.7333,
      "std": 0.0047
    },
    "response_length": {
      "mean": 359.59,
      "std": 257.7547
    },
    "word_count": {
      "mean": 73.23,
      "std": 53.1715
    },
    "output_tokens": {
      "mean": 131.46,
      "std": 94.0266
    }
  },
  "even_count_16": {
    "accuracy": {
      "mean": 0.27,
      "std": 0.0535
    },
    "instruction_followed": {
      "mean": 0.7767,
      "std": 0.034
    },
    "response_length": {
      "mean": 522.61,
      "std": 275.2269
    },
    "word_count": {
      "mean": 109.17,
      "std": 58.5857
    },
    "output_tokens": {
      "mean": 225.61,
      "std": 124.0317
    }
  },
  "find_minimum_8": {
    "accuracy": {
      "mean": 0.7967,
      "std": 0.0047
    },
    "instruction_followed": {
      "mean": 0.9833,
      "std": 0.0125
    },
    "response_length": {
      "mean": 164.6,
      "std": 315.5025
    },
    "word_count": {
      "mean": 28.51,
      "std": 55.5438
    },
    "output_tokens": {
      "mean": 57.19,
      "std": 114.2386
    }
  },
  "find_minimum_16": {
    "accuracy": {
      "mean": 0.7667,
      "std": 0.0309
    },
    "instruction_followed": {
      "mean": 0.97,
      "std": 0.0245
    },
    "response_length": {
      "mean": 197.66,
      "std": 361.813
    },
    "word_count": {
      "mean": 35.09,
      "std": 65.055
    },
    "output_tokens": {
      "mean": 75.44,
      "std": 145.5187
    }
  },
  "mean_8": {
    "accuracy": {
      "mean": 0.5767,
      "std": 0.034
    },
    "instruction_followed": {
      "mean": 1.0,
      "std": 0.0
    },
    "response_length": {
      "mean": 794.36,
      "std": 149.227
    },
    "word_count": {
      "mean": 160.91,
      "std": 32.7541
    },
    "output_tokens": {
      "mean": 358.56,
      "std": 71.43
    }
  },
  "mean_16": {
    "accuracy": {
      "mean": 0.1367,
      "std": 0.0125
    },
    "instruction_followed": {
      "mean": 1.0,
      "std": 0.0
    },
    "response_length": {
      "mean": 1125.59,
      "std": 221.7294
    },
    "word_count": {
      "mean": 245.99,
      "std": 62.4627
    },
    "output_tokens": {
      "mean": 592.24,
      "std": 158.4982
    }
  }
}