{
  "sorting_8": {
    "accuracy": {
      "mean": 0.9967,
      "std": 0.0047
    },
    "instruction_followed": {
      "mean": 1.0,
      "std": 0.0
    },
    "response_length": {
      "mean": 168.58,
      "std": 144.0641
    },
    "word_count": {
      "mean": 28.17,
      "std": 24.1755
    },
    "output_tokens": {
      "mean": 107.81,
      "std": 60.8328
    }
  },
  "sorting_16": {
    "accuracy": {
      "mean": 0.7633,
      "std": 0.0094
    },
    "instruction_followed": {
      "mean": 1.0,
      "std": 0.0
    },
    "response_length": {
      "mean": 235.53,
      "std": 51.3371
    },
    "word_count": {
      "mean": 40.65,
      "std": 9.1936
    },
    "output_tokens": {
      "mean": 175.87,
      "std": 31.2281
    }
  },
  "sorting_32": {
    "accuracy": {
      "mean": 0.3267,
      "std": 0.0047
    },
    "instruction_followed": {
      "mean": 1.0,
      "std": 0.0
    },
    "response_length": {
      "mean": 439.26,
      "std": 143.3581
    },
    "word_count": {
      "mean": 78.31,
      "std": 25.4919
    },
    "output_tokens": {
      "mean": 348.47,
      "std": 97.5422
    }
  },
  "sorting_64": {
    "accuracy": {
      "mean": 0.1167,
      "std": 0.0047
    },
    "instruction_followed": {
      "mean": 1.0,
      "std": 0.0
    },
    "response_length": {
      "mean": 761.03,
      "std": 72.36
    },
    "word_count": {
      "mean": 138.03,
      "std": 14.1141
    },
    "output_tokens": {
      "mean": 646.52,
      "std": 62.0358
    }
  },
  "comparison": {
    "accuracy": {
      "mean": 1.0,
      "std": 0.0
    },
    "instruction_followed": {
      "mean": 1.0,
      "std": 0.0
    },
    "response_length": {
      "mean": 761.03,
      "std": 72.36
    },
    "word_count": {
      "mean": 138.03,
      "std": 14.1141
    },
    "output_tokens": {
      "mean": 646.52,
      "std": 62.0358
    }
  },
  "sum_8": {
    "accuracy": {
      "mean": 0.9667,
      "std": 0.0047
    },
    "instruction_followed": {
      "mean": 0.9633,
      "std": 0.0125
    },
    "response_length": {
      "mean": 783.61,
      "std": 246.327
    },
    "word_count": {
      "mean": 199.1,
      "std": 75.3656
    },
    "output_tokens": {
      "mean": 509.68,
      "std": 209.2162
    }
  },
  "sum_16": {
    "accuracy": {
      "mean": 0.5867,
      "std": 0.0386
    },
    "instruction_followed": {
      "mean": 0.6833,
      "std": 0.0368
    },
    "response_length": {
      "mean": 1173.55,
      "std": 265.8098
    },
    "word_count": {
      "mean": 301.72,
      "std": 80.8083
    },
    "output_tokens": {
      "mean": 797.36,
      "std": 221.1839
    }
  },
  "sum_32": {
    "accuracy": {
      "mean": 0.1733,
      "std": 0.0236
    },
    "instruction_followed": {
      "mean": 0.4267,
      "std": 0.0125
    },
    "response_length": {
      "mean": 1333.74,
      "std": 172.803
    },
    "word_count": {
      "mean": 346.24,
      "std": 54.517
    },
    "output_tokens": {
      "mean": 930.55,
      "std": 150.6268
    }
  },
  "sum_64": {
    "accuracy": {
      "mean": 0.0,
      "std": 0.0
    },
    "instruction_followed": {
      "mean": 0.17,
      "std": 0.0216
    },
    "response_length": {
      "mean": 1394.99,
      "std": 87.3301
    },
    "word_count": {
      "mean": 381.88,
      "std": 35.7909
    },
    "output_tokens": {
      "mean": 994.67,
      "std": 78.4482
    }
  },
  "multiplication_2": {
    "accuracy": {
      "mean": 0.9433,
      "std": 0.0094
    },
    "instruction_followed": {
      "mean": 0.99,
      "std": 0.0082
    },
    "response_length": {
      "mean": 560.05,
      "std": 278.6032
    },
    "word_count": {
      "mean": 120.73,
      "std": 66.0281
    },
    "output_tokens": {
      "mean": 325.46,
      "std": 187.7226
    }
  },
  "multiplication_4": {
    "accuracy": {
      "mean": 0.32,
      "std": 0.0082
    },
    "instruction_followed": {
      "mean": 0.41,
      "std": 0.0141
    },
    "response_length": {
      "mean": 1392.63,
      "std": 219.3151
    },
    "word_count": {
      "mean": 263.07,
      "std": 51.5701
    },
    "output_tokens": {
      "mean": 923.62,
      "std": 156.6493
    }
  },
  "multiplication_8": {
    "accuracy": {
      "mean": 0.0,
      "std": 0.0
    },
    "instruction_followed": {
      "mean": 0.0067,
      "std": 0.0094
    },
    "response_length": {
      "mean": 1507.45,
      "std": 134.4075
    },
    "word_count": {
      "mean": 285.09,
      "std": 45.0581
    },
    "output_tokens": {
      "mean": 1023.54,
      "std": 6.3379
    }
  },
  "odd_count_8": {
    "accuracy": {
      "mean": 0.9967,
      "std": 0.0047
    },
    "instruction_followed": {
      "mean": 1.0,
      "std": 0.0
    },
    "response_length": {
      "mean": 681.1,
      "std": 232.1807
    },
    "word_count": {
      "mean": 144.32,
      "std": 49.6832
    },
    "output_tokens": {
      "mean": 297.17,
      "std": 105.3785
    }
  },
  "odd_count_16": {
    "accuracy": {
      "mean": 0.9967,
      "std": 0.0047
    },
    "instruction_followed": {
      "mean": 1.0,
      "std": 0.0
    },
    "response_length": {
      "mean": 592.48,
      "std": 216.3467
    },
    "word_count": {
      "mean": 125.9,
      "std": 49.1992
    },
    "output_tokens": {
      "mean": 307.94,
      "std": 114.117
    }
  },
  "odd_count_32": {
    "accuracy": {
      "mean": 0.8533,
      "std": 0.0047
    },
    "instruction_followed": {
      "mean": 1.0,
      "std": 0.0
    },
    "response_length": {
      "mean": 760.32,
      "std": 231.9545
    },
    "word_count": {
      "mean": 161.15,
      "std": 60.407
    },
    "output_tokens": {
      "mean": 472.01,
      "std": 144.3783
    }
  },
  "odd_count_64": {
    "accuracy": {
      "mean": 0.42,
      "std": 0.0374
    },
    "instruction_followed": {
      "mean": 0.9467,
      "std": 0.0047
    },
    "response_length": {
      "mean": 1021.66,
      "std": 196.665
    },
    "word_count": {
      "mean": 210.88,
      "std": 48.101
    },
    "output_tokens": {
      "mean": 759.18,
      "std": 135.6956
    }
  },
  "even_count_8": {
    "accuracy": {
      "mean": 1.0,
      "std": 0.0
    },
    "instruction_followed": {
      "mean": 1.0,
      "std": 0.0
    },
    "response_length": {
      "mean": 580.76,
      "std": 175.0135
    },
    "word_count": {
      "mean": 128.51,
      "std": 40.7218
    },
    "output_tokens": {
      "mean": 240.06,
      "std": 76.3216
    }
  },
  "even_count_16": {
    "accuracy": {
      "mean": 0.9967,
      "std": 0.0047
    },
    "instruction_followed": {
      "mean": 1.0,
      "std": 0.0
    },
    "response_length": {
      "mean": 589.38,
      "std": 209.7385
    },
    "word_count": {
      "mean": 134.25,
      "std": 51.6147
    },
    "output_tokens": {
      "mean": 286.72,
      "std": 105.9025
    }
  },
  "even_count_32": {
    "accuracy": {
      "mean": 0.9133,
      "std": 0.0125
    },
    "instruction_followed": {
      "mean": 1.0,
      "std": 0.0
    },
    "response_length": {
      "mean": 708.09,
      "std": 250.5237
    },
    "word_count": {
      "mean": 163.99,
      "std": 69.0148
    },
    "output_tokens": {
      "mean": 429.51,
      "std": 153.5997
    }
  },
  "even_count_64": {
    "accuracy": {
      "mean": 0.5367,
      "std": 0.0368
    },
    "instruction_followed": {
      "mean": 0.9567,
      "std": 0.033
    },
    "response_length": {
      "mean": 943.91,
      "std": 214.9686
    },
    "word_count": {
      "mean": 216.9,
      "std": 52.4093
    },
    "output_tokens": {
      "mean": 678.28,
      "std": 133.7071
    }
  },
  "absolute_difference": {
    "accuracy": {
      "mean": 1.0,
      "std": 0.0
    },
    "instruction_followed": {
      "mean": 1.0,
      "std": 0.0
    },
    "response_length": {
      "mean": 943.91,
      "std": 214.9686
    },
    "word_count": {
      "mean": 216.9,
      "std": 52.4093
    },
    "output_tokens": {
      "mean": 678.28,
      "std": 133.7071
    }
  },
  "division": {
    "accuracy": {
      "mean": 0.7633,
      "std": 0.0411
    },
    "instruction_followed": {
      "mean": 0.9933,
      "std": 0.0047
    },
    "response_length": {
      "mean": 943.91,
      "std": 214.9686
    },
    "word_count": {
      "mean": 216.9,
      "std": 52.4093
    },
    "output_tokens": {
      "mean": 678.28,
      "std": 133.7071
    }
  },
  "find_maximum_8": {
    "accuracy": {
      "mean": 1.0,
      "std": 0.0
    },
    "instruction_followed": {
      "mean": 1.0,
      "std": 0.0
    },
    "response_length": {
      "mean": 530.05,
      "std": 194.9603
    },
    "word_count": {
      "mean": 102.27,
      "std": 40.3199
    },
    "output_tokens": {
      "mean": 248.23,
      "std": 98.6776
    }
  },
  "find_maximum_16": {
    "accuracy": {
      "mean": 1.0,
      "std": 0.0
    },
    "instruction_followed": {
      "mean": 1.0,
      "std": 0.0
    },
    "response_length": {
      "mean": 973.88,
      "std": 272.036
    },
    "word_count": {
      "mean": 194.7,
      "std": 50.8973
    },
    "output_tokens": {
      "mean": 486.45,
      "std": 118.8428
    }
  },
  "find_maximum_32": {
    "accuracy": {
      "mean": 0.9067,
      "std": 0.0368
    },
    "instruction_followed": {
      "mean": 0.88,
      "std": 0.0082
    },
    "response_length": {
      "mean": 1421.43,
      "std": 305.8502
    },
    "word_count": {
      "mean": 298.15,
      "std": 56.5385
    },
    "output_tokens": {
      "mean": 811.42,
      "std": 141.3973
    }
  },
  "find_maximum_64": {
    "accuracy": {
      "mean": 0.3333,
      "std": 0.0287
    },
    "instruction_followed": {
      "mean": 0.1733,
      "std": 0.045
    },
    "response_length": {
      "mean": 1435.82,
      "std": 362.8725
    },
    "word_count": {
      "mean": 306.51,
      "std": 85.5554
    },
    "output_tokens": {
      "mean": 940.83,
      "std": 207.0089
    }
  },
  "find_minimum_8": {
    "accuracy": {
      "mean": 0.9933,
      "std": 0.0047
    },
    "instruction_followed": {
      "mean": 1.0,
      "std": 0.0
    },
    "response_length": {
      "mean": 512.58,
      "std": 146.2472
    },
    "word_count": {
      "mean": 93.98,
      "std": 27.5471
    },
    "output_tokens": {
      "mean": 227.14,
      "std": 70.1145
    }
  },
  "find_minimum_16": {
    "accuracy": {
      "mean": 0.9933,
      "std": 0.0047
    },
    "instruction_followed": {
      "mean": 0.9967,
      "std": 0.0047
    },
    "response_length": {
      "mean": 834.49,
      "std": 286.9192
    },
    "word_count": {
      "mean": 156.8,
      "std": 56.9006
    },
    "output_tokens": {
      "mean": 408.56,
      "std": 128.4024
    }
  },
  "find_minimum_32": {
    "accuracy": {
      "mean": 0.83,
      "std": 0.0374
    },
    "instruction_followed": {
      "mean": 0.8133,
      "std": 0.0189
    },
    "response_length": {
      "mean": 1416.95,
      "std": 465.7413
    },
    "word_count": {
      "mean": 279.09,
      "std": 93.7489
    },
    "output_tokens": {
      "mean": 763.15,
      "std": 213.1127
    }
  },
  "find_minimum_64": {
    "accuracy": {
      "mean": 0.33,
      "std": 0.0374
    },
    "instruction_followed": {
      "mean": 0.17,
      "std": 0.0408
    },
    "response_length": {
      "mean": 1569.32,
      "std": 311.1715
    },
    "word_count": {
      "mean": 315.52,
      "std": 69.8716
    },
    "output_tokens": {
      "mean": 972.68,
      "std": 138.7403
    }
  },
  "subtraction": {
    "accuracy": {
      "mean": 1.0,
      "std": 0.0
    },
    "instruction_followed": {
      "mean": 0.9833,
      "std": 0.0125
    },
    "response_length": {
      "mean": 1569.32,
      "std": 311.1715
    },
    "word_count": {
      "mean": 315.52,
      "std": 69.8716
    },
    "output_tokens": {
      "mean": 972.68,
      "std": 138.7403
    }
  },
  "mean_8": {
    "accuracy": {
      "mean": 0.9367,
      "std": 0.0249
    },
    "instruction_followed": {
      "mean": 0.9933,
      "std": 0.0047
    },
    "response_length": {
      "mean": 1038.95,
      "std": 211.3132
    },
    "word_count": {
      "mean": 251.78,
      "std": 62.2469
    },
    "output_tokens": {
      "mean": 636.91,
      "std": 160.5276
    }
  },
  "mean_16": {
    "accuracy": {
      "mean": 0.2833,
      "std": 0.0287
    },
    "instruction_followed": {
      "mean": 0.9833,
      "std": 0.0094
    },
    "response_length": {
      "mean": 1378.35,
      "std": 140.2917
    },
    "word_count": {
      "mean": 359.55,
      "std": 49.1987
    },
    "output_tokens": {
      "mean": 949.9,
      "std": 126.2885
    }
  },
  "mean_32": {
    "accuracy": {
      "mean": 0.0,
      "std": 0.0
    },
    "instruction_followed": {
      "mean": 0.9733,
      "std": 0.0047
    },
    "response_length": {
      "mean": 1419.31,
      "std": 64.1479
    },
    "word_count": {
      "mean": 376.69,
      "std": 26.6424
    },
    "output_tokens": {
      "mean": 1020.37,
      "std": 21.6927
    }
  },
  "mean_64": {
    "accuracy": {
      "mean": 0.0,
      "std": 0.0
    },
    "instruction_followed": {
      "mean": 0.9067,
      "std": 0.0094
    },
    "response_length": {
      "mean": 1356.69,
      "std": 42.3925
    },
    "word_count": {
      "mean": 364.28,
      "std": 25.3068
    },
    "output_tokens": {
      "mean": 1022.89,
      "std": 12.7888
    }
  },
  "median_8": {
    "accuracy": {
      "mean": 0.8967,
      "std": 0.0125
    },
    "instruction_followed": {
      "mean": 1.0,
      "std": 0.0
    },
    "response_length": {
      "mean": 486.82,
      "std": 81.9412
    },
    "word_count": {
      "mean": 95.25,
      "std": 16.3953
    },
    "output_tokens": {
      "mean": 193.3,
      "std": 42.9133
    }
  },
  "median_16": {
    "accuracy": {
      "mean": 0.5867,
      "std": 0.0125
    },
    "instruction_followed": {
      "mean": 1.0,
      "std": 0.0
    },
    "response_length": {
      "mean": 552.73,
      "std": 164.1011
    },
    "word_count": {
      "mean": 107.23,
      "std": 32.6583
    },
    "output_tokens": {
      "mean": 249.71,
      "std": 103.684
    }
  },
  "median_32": {
    "accuracy": {
      "mean": 0.17,
      "std": 0.0141
    },
    "instruction_followed": {
      "mean": 1.0,
      "std": 0.0
    },
    "response_length": {
      "mean": 805.01,
      "std": 304.7919
    },
    "word_count": {
      "mean": 155.6,
      "std": 61.044
    },
    "output_tokens": {
      "mean": 451.54,
      "std": 228.8324
    }
  },
  "median_64": {
    "accuracy": {
      "mean": 0.0033,
      "std": 0.0047
    },
    "instruction_followed": {
      "mean": 0.9833,
      "std": 0.0047
    },
    "response_length": {
      "mean": 1073.0,
      "std": 243.8144
    },
    "word_count": {
      "mean": 202.75,
      "std": 45.7624
    },
    "output_tokens": {
      "mean": 722.92,
      "std": 210.1179
    }
  },
  "mode_8": {
    "accuracy": {
      "mean": 1.0,
      "std": 0.0
    },
    "instruction_followed": {
      "mean": 1.0,
      "std": 0.0
    },
    "response_length": {
      "mean": 511.17,
      "std": 60.318
    },
    "word_count": {
      "mean": 97.77,
      "std": 11.8279
    },
    "output_tokens": {
      "mean": 202.77,
      "std": 19.7315
    }
  },
  "mode_16": {
    "accuracy": {
      "mean": 0.98,
      "std": 0.0082
    },
    "instruction_followed": {
      "mean": 1.0,
      "std": 0.0
    },
    "response_length": {
      "mean": 562.7,
      "std": 126.1733
    },
    "word_count": {
      "mean": 114.99,
      "std": 26.8169
    },
    "output_tokens": {
      "mean": 291.68,
      "std": 63.3141
    }
  },
  "mode_32": {
    "accuracy": {
      "mean": 0.95,
      "std": 0.0216
    },
    "instruction_followed": {
      "mean": 1.0,
      "std": 0.0
    },
    "response_length": {
      "mean": 644.55,
      "std": 164.3776
    },
    "word_count": {
      "mean": 136.56,
      "std": 33.2166
    },
    "output_tokens": {
      "mean": 431.4,
      "std": 100.5814
    }
  },
  "mode_64": {
    "accuracy": {
      "mean": 0.6867,
      "std": 0.0287
    },
    "instruction_followed": {
      "mean": 1.0,
      "std": 0.0
    },
    "response_length": {
      "mean": 1054.58,
      "std": 365.8933
    },
    "word_count": {
      "mean": 223.34,
      "std": 69.2545
    },
    "output_tokens": {
      "mean": 762.15,
      "std": 205.4574
    }
  }
}