{
  "sorting_8": {
    "accuracy": {
      "mean": 1.0,
      "std": 0.0
    },
    "instruction_followed": {
      "mean": 1.0,
      "std": 0.0
    },
    "response_length": {
      "mean": 458.36,
      "std": 117.5975
    },
    "word_count": {
      "mean": 80.16,
      "std": 19.9185
    },
    "output_tokens": {
      "mean": 200.58,
      "std": 42.8818
    }
  },
  "sorting_16": {
    "accuracy": {
      "mean": 0.7967,
      "std": 0.0262
    },
    "instruction_followed": {
      "mean": 1.0,
      "std": 0.0
    },
    "response_length": {
      "mean": 472.55,
      "std": 118.5169
    },
    "word_count": {
      "mean": 84.83,
      "std": 20.6279
    },
    "output_tokens": {
      "mean": 264.25,
      "std": 61.3055
    }
  },
  "comparison": {
    "accuracy": {
      "mean": 1.0,
      "std": 0.0
    },
    "instruction_followed": {
      "mean": 1.0,
      "std": 0.0
    },
    "response_length": {
      "mean": 472.55,
      "std": 118.5169
    },
    "word_count": {
      "mean": 84.83,
      "std": 20.6279
    },
    "output_tokens": {
      "mean": 264.25,
      "std": 61.3055
    }
  },
  "even_count_8": {
    "accuracy": {
      "mean": 0.96,
      "std": 0.0141
    },
    "instruction_followed": {
      "mean": 1.0,
      "std": 0.0
    },
    "response_length": {
      "mean": 440.29,
      "std": 101.0698
    },
    "word_count": {
      "mean": 86.84,
      "std": 19.6416
    },
    "output_tokens": {
      "mean": 170.8,
      "std": 39.1749
    }
  },
  "even_count_16": {
    "accuracy": {
      "mean": 0.85,
      "std": 0.0216
    },
    "instruction_followed": {
      "mean": 1.0,
      "std": 0.0
    },
    "response_length": {
      "mean": 563.27,
      "std": 139.0842
    },
    "word_count": {
      "mean": 115.75,
      "std": 30.3675
    },
    "output_tokens": {
      "mean": 242.61,
      "std": 64.7572
    }
  },
  "find_minimum_8": {
    "accuracy": {
      "mean": 0.9633,
      "std": 0.0094
    },
    "instruction_followed": {
      "mean": 1.0,
      "std": 0.0
    },
    "response_length": {
      "mean": 637.84,
      "std": 204.5404
    },
    "word_count": {
      "mean": 107.77,
      "std": 34.4042
    },
    "output_tokens": {
      "mean": 230.8,
      "std": 78.5625
    }
  },
  "find_minimum_16": {
    "accuracy": {
      "mean": 0.93,
      "std": 0.0141
    },
    "instruction_followed": {
      "mean": 1.0,
      "std": 0.0
    },
    "response_length": {
      "mean": 678.22,
      "std": 336.5088
    },
    "word_count": {
      "mean": 115.18,
      "std": 56.2441
    },
    "output_tokens": {
      "mean": 267.51,
      "std": 132.5831
    }
  },
  "mean_8": {
    "accuracy": {
      "mean": 0.59,
      "std": 0.0356
    },
    "instruction_followed": {
      "mean": 1.0,
      "std": 0.0
    },
    "response_length": {
      "mean": 647.5,
      "std": 138.4039
    },
    "word_count": {
      "mean": 134.14,
      "std": 32.0565
    },
    "output_tokens": {
      "mean": 303.82,
      "std": 75.2567
    }
  },
  "mean_16": {
    "accuracy": {
      "mean": 0.55,
      "std": 0.0141
    },
    "instruction_followed": {
      "mean": 1.0,
      "std": 0.0
    },
    "response_length": {
      "mean": 985.58,
      "std": 181.4487
    },
    "word_count": {
      "mean": 224.37,
      "std": 51.1077
    },
    "output_tokens": {
      "mean": 550.27,
      "std": 129.9345
    }
  }
}