{
  "sorting_8": {
    "accuracy": {
      "mean": 0.9433,
      "std": 0.0047
    },
    "instruction_followed": {
      "mean": 1.0,
      "std": 0.0
    },
    "response_length": {
      "mean": 181.95,
      "std": 120.6001
    },
    "word_count": {
      "mean": 31.49,
      "std": 22.1437
    },
    "output_tokens": {
      "mean": 68.93,
      "std": 38.2551
    }
  },
  "sorting_16": {
    "accuracy": {
      "mean": 0.39,
      "std": 0.0283
    },
    "instruction_followed": {
      "mean": 1.0,
      "std": 0.0
    },
    "response_length": {
      "mean": 348.3,
      "std": 235.5128
    },
    "word_count": {
      "mean": 61.21,
      "std": 39.7146
    },
    "output_tokens": {
      "mean": 141.31,
      "std": 106.709
    }
  },
  "sorting_32": {
    "accuracy": {
      "mean": 0.0467,
      "std": 0.0047
    },
    "instruction_followed": {
      "mean": 1.0,
      "std": 0.0
    },
    "response_length": {
      "mean": 1202.07,
      "std": 688.3825
    },
    "word_count": {
      "mean": 218.33,
      "std": 124.8686
    },
    "output_tokens": {
      "mean": 632.46,
      "std": 404.3287
    }
  },
  "sorting_64": {
    "accuracy": {
      "mean": 0.0667,
      "std": 0.017
    },
    "instruction_followed": {
      "mean": 1.0,
      "std": 0.0
    },
    "response_length": {
      "mean": 1916.91,
      "std": 221.1365
    },
    "word_count": {
      "mean": 339.17,
      "std": 31.8201
    },
    "output_tokens": {
      "mean": 1011.54,
      "std": 78.9943
    }
  },
  "comparison": {
    "accuracy": {
      "mean": 0.9833,
      "std": 0.0047
    },
    "instruction_followed": {
      "mean": 0.99,
      "std": 0.0082
    },
    "response_length": {
      "mean": 1916.91,
      "std": 221.1365
    },
    "word_count": {
      "mean": 339.17,
      "std": 31.8201
    },
    "output_tokens": {
      "mean": 1011.54,
      "std": 78.9943
    }
  },
  "sum_8": {
    "accuracy": {
      "mean": 0.4133,
      "std": 0.0386
    },
    "instruction_followed": {
      "mean": 1.0,
      "std": 0.0
    },
    "response_length": {
      "mean": 349.12,
      "std": 159.2891
    },
    "word_count": {
      "mean": 79.89,
      "std": 36.7667
    },
    "output_tokens": {
      "mean": 129.56,
      "std": 59.1895
    }
  },
  "sum_16": {
    "accuracy": {
      "mean": 0.33,
      "std": 0.0455
    },
    "instruction_followed": {
      "mean": 0.9833,
      "std": 0.0094
    },
    "response_length": {
      "mean": 674.9,
      "std": 283.4233
    },
    "word_count": {
      "mean": 164.45,
      "std": 87.9204
    },
    "output_tokens": {
      "mean": 276.79,
      "std": 143.7089
    }
  },
  "sum_32": {
    "accuracy": {
      "mean": 0.2167,
      "std": 0.0634
    },
    "instruction_followed": {
      "mean": 0.83,
      "std": 0.0245
    },
    "response_length": {
      "mean": 1147.18,
      "std": 515.6114
    },
    "word_count": {
      "mean": 304.28,
      "std": 171.33
    },
    "output_tokens": {
      "mean": 514.08,
      "std": 270.2087
    }
  },
  "sum_64": {
    "accuracy": {
      "mean": 0.02,
      "std": 0.0082
    },
    "instruction_followed": {
      "mean": 0.74,
      "std": 0.0294
    },
    "response_length": {
      "mean": 1403.08,
      "std": 556.9213
    },
    "word_count": {
      "mean": 367.24,
      "std": 170.1089
    },
    "output_tokens": {
      "mean": 640.43,
      "std": 290.4247
    }
  },
  "multiplication_2": {
    "accuracy": {
      "mean": 0.2867,
      "std": 0.0094
    },
    "instruction_followed": {
      "mean": 1.0,
      "std": 0.0
    },
    "response_length": {
      "mean": 153.38,
      "std": 55.0806
    },
    "word_count": {
      "mean": 26.77,
      "std": 10.043
    },
    "output_tokens": {
      "mean": 44.71,
      "std": 16.7356
    }
  },
  "multiplication_4": {
    "accuracy": {
      "mean": 0.0033,
      "std": 0.0047
    },
    "instruction_followed": {
      "mean": 1.0,
      "std": 0.0
    },
    "response_length": {
      "mean": 396.04,
      "std": 113.6908
    },
    "word_count": {
      "mean": 68.33,
      "std": 19.2472
    },
    "output_tokens": {
      "mean": 123.02,
      "std": 31.0505
    }
  },
  "multiplication_8": {
    "accuracy": {
      "mean": 0.01,
      "std": 0.0
    },
    "instruction_followed": {
      "mean": 0.9967,
      "std": 0.0047
    },
    "response_length": {
      "mean": 794.76,
      "std": 290.7326
    },
    "word_count": {
      "mean": 126.58,
      "std": 49.8655
    },
    "output_tokens": {
      "mean": 265.95,
      "std": 91.1621
    }
  },
  "odd_count_8": {
    "accuracy": {
      "mean": 0.88,
      "std": 0.0141
    },
    "instruction_followed": {
      "mean": 1.0,
      "std": 0.0
    },
    "response_length": {
      "mean": 458.75,
      "std": 164.3416
    },
    "word_count": {
      "mean": 96.7,
      "std": 36.7992
    },
    "output_tokens": {
      "mean": 155.12,
      "std": 58.9883
    }
  },
  "odd_count_16": {
    "accuracy": {
      "mean": 0.9267,
      "std": 0.0125
    },
    "instruction_followed": {
      "mean": 1.0,
      "std": 0.0
    },
    "response_length": {
      "mean": 578.74,
      "std": 136.1077
    },
    "word_count": {
      "mean": 118.16,
      "std": 32.0585
    },
    "output_tokens": {
      "mean": 214.04,
      "std": 55.3213
    }
  },
  "odd_count_32": {
    "accuracy": {
      "mean": 0.5633,
      "std": 0.0047
    },
    "instruction_followed": {
      "mean": 0.9967,
      "std": 0.0047
    },
    "response_length": {
      "mean": 758.68,
      "std": 214.7999
    },
    "word_count": {
      "mean": 151.18,
      "std": 47.0386
    },
    "output_tokens": {
      "mean": 303.63,
      "std": 101.4031
    }
  },
  "odd_count_64": {
    "accuracy": {
      "mean": 0.0767,
      "std": 0.017
    },
    "instruction_followed": {
      "mean": 0.9833,
      "std": 0.0125
    },
    "response_length": {
      "mean": 1084.61,
      "std": 366.532
    },
    "word_count": {
      "mean": 212.91,
      "std": 77.2736
    },
    "output_tokens": {
      "mean": 471.02,
      "std": 174.9883
    }
  },
  "even_count_8": {
    "accuracy": {
      "mean": 0.9233,
      "std": 0.017
    },
    "instruction_followed": {
      "mean": 1.0,
      "std": 0.0
    },
    "response_length": {
      "mean": 300.1,
      "std": 176.9951
    },
    "word_count": {
      "mean": 62.76,
      "std": 39.8809
    },
    "output_tokens": {
      "mean": 99.43,
      "std": 63.3213
    }
  },
  "even_count_16": {
    "accuracy": {
      "mean": 0.77,
      "std": 0.0141
    },
    "instruction_followed": {
      "mean": 1.0,
      "std": 0.0
    },
    "response_length": {
      "mean": 399.66,
      "std": 179.1048
    },
    "word_count": {
      "mean": 84.05,
      "std": 41.4265
    },
    "output_tokens": {
      "mean": 148.66,
      "std": 76.8528
    }
  },
  "even_count_32": {
    "accuracy": {
      "mean": 0.29,
      "std": 0.0566
    },
    "instruction_followed": {
      "mean": 0.9967,
      "std": 0.0047
    },
    "response_length": {
      "mean": 483.97,
      "std": 220.5122
    },
    "word_count": {
      "mean": 101.43,
      "std": 50.3229
    },
    "output_tokens": {
      "mean": 196.74,
      "std": 110.581
    }
  },
  "even_count_64": {
    "accuracy": {
      "mean": 0.0167,
      "std": 0.017
    },
    "instruction_followed": {
      "mean": 0.98,
      "std": 0.0082
    },
    "response_length": {
      "mean": 661.72,
      "std": 290.51
    },
    "word_count": {
      "mean": 142.1,
      "std": 68.7174
    },
    "output_tokens": {
      "mean": 310.24,
      "std": 168.5932
    }
  },
  "absolute_difference": {
    "accuracy": {
      "mean": 0.9767,
      "std": 0.0094
    },
    "instruction_followed": {
      "mean": 1.0,
      "std": 0.0
    },
    "response_length": {
      "mean": 661.72,
      "std": 290.51
    },
    "word_count": {
      "mean": 142.1,
      "std": 68.7174
    },
    "output_tokens": {
      "mean": 310.24,
      "std": 168.5932
    }
  },
  "division": {
    "accuracy": {
      "mean": 0.8,
      "std": 0.0356
    },
    "instruction_followed": {
      "mean": 1.0,
      "std": 0.0
    },
    "response_length": {
      "mean": 661.72,
      "std": 290.51
    },
    "word_count": {
      "mean": 142.1,
      "std": 68.7174
    },
    "output_tokens": {
      "mean": 310.24,
      "std": 168.5932
    }
  },
  "find_maximum_8": {
    "accuracy": {
      "mean": 0.9833,
      "std": 0.0047
    },
    "instruction_followed": {
      "mean": 0.86,
      "std": 0.0141
    },
    "response_length": {
      "mean": 171.81,
      "std": 169.207
    },
    "word_count": {
      "mean": 31.1,
      "std": 32.4545
    },
    "output_tokens": {
      "mean": 52.9,
      "std": 47.8046
    }
  },
  "find_maximum_16": {
    "accuracy": {
      "mean": 0.91,
      "std": 0.0082
    },
    "instruction_followed": {
      "mean": 0.96,
      "std": 0.0
    },
    "response_length": {
      "mean": 203.51,
      "std": 266.5809
    },
    "word_count": {
      "mean": 37.38,
      "std": 50.9837
    },
    "output_tokens": {
      "mean": 63.12,
      "std": 85.1838
    }
  },
  "find_maximum_32": {
    "accuracy": {
      "mean": 0.8767,
      "std": 0.017
    },
    "instruction_followed": {
      "mean": 1.0,
      "std": 0.0
    },
    "response_length": {
      "mean": 320.48,
      "std": 472.0703
    },
    "word_count": {
      "mean": 59.33,
      "std": 89.6572
    },
    "output_tokens": {
      "mean": 107.49,
      "std": 156.3963
    }
  },
  "find_maximum_64": {
    "accuracy": {
      "mean": 0.6667,
      "std": 0.0287
    },
    "instruction_followed": {
      "mean": 0.96,
      "std": 0.0082
    },
    "response_length": {
      "mean": 387.79,
      "std": 507.5361
    },
    "word_count": {
      "mean": 71.65,
      "std": 99.6911
    },
    "output_tokens": {
      "mean": 148.25,
      "std": 198.0505
    }
  },
  "find_minimum_8": {
    "accuracy": {
      "mean": 0.96,
      "std": 0.0082
    },
    "instruction_followed": {
      "mean": 0.9767,
      "std": 0.0047
    },
    "response_length": {
      "mean": 203.29,
      "std": 139.7588
    },
    "word_count": {
      "mean": 35.81,
      "std": 25.5479
    },
    "output_tokens": {
      "mean": 60.71,
      "std": 37.8565
    }
  },
  "find_minimum_16": {
    "accuracy": {
      "mean": 0.8767,
      "std": 0.017
    },
    "instruction_followed": {
      "mean": 1.0,
      "std": 0.0
    },
    "response_length": {
      "mean": 251.79,
      "std": 185.28
    },
    "word_count": {
      "mean": 45.28,
      "std": 34.903
    },
    "output_tokens": {
      "mean": 80.41,
      "std": 58.3178
    }
  },
  "find_minimum_32": {
    "accuracy": {
      "mean": 0.8133,
      "std": 0.0094
    },
    "instruction_followed": {
      "mean": 0.9833,
      "std": 0.0047
    },
    "response_length": {
      "mean": 390.72,
      "std": 400.969
    },
    "word_count": {
      "mean": 71.07,
      "std": 76.9149
    },
    "output_tokens": {
      "mean": 137.78,
      "std": 144.7969
    }
  },
  "find_minimum_64": {
    "accuracy": {
      "mean": 0.6733,
      "std": 0.0377
    },
    "instruction_followed": {
      "mean": 0.9667,
      "std": 0.017
    },
    "response_length": {
      "mean": 574.52,
      "std": 527.9058
    },
    "word_count": {
      "mean": 105.42,
      "std": 101.3015
    },
    "output_tokens": {
      "mean": 225.67,
      "std": 179.7262
    }
  },
  "subtraction": {
    "accuracy": {
      "mean": 0.9533,
      "std": 0.0189
    },
    "instruction_followed": {
      "mean": 0.99,
      "std": 0.0
    },
    "response_length": {
      "mean": 574.52,
      "std": 527.9058
    },
    "word_count": {
      "mean": 105.42,
      "std": 101.3015
    },
    "output_tokens": {
      "mean": 225.67,
      "std": 179.7262
    }
  },
  "mean_8": {
    "accuracy": {
      "mean": 0.4833,
      "std": 0.0929
    },
    "instruction_followed": {
      "mean": 0.9933,
      "std": 0.0047
    },
    "response_length": {
      "mean": 596.73,
      "std": 288.8837
    },
    "word_count": {
      "mean": 131.08,
      "std": 81.7353
    },
    "output_tokens": {
      "mean": 219.04,
      "std": 132.3571
    }
  },
  "mean_16": {
    "accuracy": {
      "mean": 0.59,
      "std": 0.0294
    },
    "instruction_followed": {
      "mean": 1.0,
      "std": 0.0
    },
    "response_length": {
      "mean": 996.99,
      "std": 308.205
    },
    "word_count": {
      "mean": 231.91,
      "std": 92.4964
    },
    "output_tokens": {
      "mean": 403.74,
      "std": 154.5435
    }
  },
  "mean_32": {
    "accuracy": {
      "mean": 0.21,
      "std": 0.0327
    },
    "instruction_followed": {
      "mean": 0.9733,
      "std": 0.0125
    },
    "response_length": {
      "mean": 1573.09,
      "std": 445.62
    },
    "word_count": {
      "mean": 413.54,
      "std": 158.8756
    },
    "output_tokens": {
      "mean": 701.18,
      "std": 243.9296
    }
  },
  "mean_64": {
    "accuracy": {
      "mean": 0.0,
      "std": 0.0
    },
    "instruction_followed": {
      "mean": 0.93,
      "std": 0.0216
    },
    "response_length": {
      "mean": 1833.64,
      "std": 446.5344
    },
    "word_count": {
      "mean": 498.55,
      "std": 147.8021
    },
    "output_tokens": {
      "mean": 830.32,
      "std": 243.2282
    }
  },
  "median_8": {
    "accuracy": {
      "mean": 0.62,
      "std": 0.0216
    },
    "instruction_followed": {
      "mean": 1.0,
      "std": 0.0
    },
    "response_length": {
      "mean": 371.88,
      "std": 78.2637
    },
    "word_count": {
      "mean": 73.8,
      "std": 15.3075
    },
    "output_tokens": {
      "mean": 120.69,
      "std": 21.5545
    }
  },
  "median_16": {
    "accuracy": {
      "mean": 0.3467,
      "std": 0.0287
    },
    "instruction_followed": {
      "mean": 1.0,
      "std": 0.0
    },
    "response_length": {
      "mean": 527.96,
      "std": 180.4225
    },
    "word_count": {
      "mean": 103.69,
      "std": 32.9608
    },
    "output_tokens": {
      "mean": 177.79,
      "std": 68.2299
    }
  },
  "median_32": {
    "accuracy": {
      "mean": 0.06,
      "std": 0.0082
    },
    "instruction_followed": {
      "mean": 0.8033,
      "std": 0.0386
    },
    "response_length": {
      "mean": 1075.68,
      "std": 556.9257
    },
    "word_count": {
      "mean": 199.25,
      "std": 96.8183
    },
    "output_tokens": {
      "mean": 476.95,
      "std": 336.5391
    }
  },
  "median_64": {
    "accuracy": {
      "mean": 0.0,
      "std": 0.0
    },
    "instruction_followed": {
      "mean": 0.3833,
      "std": 0.0309
    },
    "response_length": {
      "mean": 1920.97,
      "std": 295.5683
    },
    "word_count": {
      "mean": 339.56,
      "std": 44.2913
    },
    "output_tokens": {
      "mean": 983.28,
      "std": 143.6389
    }
  },
  "mode_8": {
    "accuracy": {
      "mean": 1.0,
      "std": 0.0
    },
    "instruction_followed": {
      "mean": 1.0,
      "std": 0.0
    },
    "response_length": {
      "mean": 458.92,
      "std": 84.794
    },
    "word_count": {
      "mean": 88.66,
      "std": 15.0863
    },
    "output_tokens": {
      "mean": 142.7,
      "std": 24.6385
    }
  },
  "mode_16": {
    "accuracy": {
      "mean": 0.9733,
      "std": 0.0125
    },
    "instruction_followed": {
      "mean": 0.9967,
      "std": 0.0047
    },
    "response_length": {
      "mean": 604.11,
      "std": 117.5657
    },
    "word_count": {
      "mean": 124.85,
      "std": 23.2446
    },
    "output_tokens": {
      "mean": 225.12,
      "std": 39.1721
    }
  },
  "mode_32": {
    "accuracy": {
      "mean": 0.78,
      "std": 0.0163
    },
    "instruction_followed": {
      "mean": 1.0,
      "std": 0.0
    },
    "response_length": {
      "mean": 856.1,
      "std": 224.2118
    },
    "word_count": {
      "mean": 188.73,
      "std": 57.7315
    },
    "output_tokens": {
      "mean": 384.2,
      "std": 126.2164
    }
  },
  "mode_64": {
    "accuracy": {
      "mean": 0.5033,
      "std": 0.0287
    },
    "instruction_followed": {
      "mean": 0.9733,
      "std": 0.0094
    },
    "response_length": {
      "mean": 1255.36,
      "std": 391.9391
    },
    "word_count": {
      "mean": 288.39,
      "std": 95.2731
    },
    "output_tokens": {
      "mean": 627.52,
      "std": 204.404
    }
  }
}