{
  "sorting_8": {
    "accuracy": {
      "mean": 0.99,
      "std": 0.0141
    },
    "instruction_followed": {
      "mean": 1.0,
      "std": 0.0
    },
    "response_length": {
      "mean": 556.06,
      "std": 29.6377
    },
    "word_count": {
      "mean": 99.26,
      "std": 5.4344
    },
    "output_tokens": {
      "mean": 226.78,
      "std": 12.827
    }
  },
  "sorting_16": {
    "accuracy": {
      "mean": 0.7167,
      "std": 0.0047
    },
    "instruction_followed": {
      "mean": 1.0,
      "std": 0.0
    },
    "response_length": {
      "mean": 930.79,
      "std": 55.5168
    },
    "word_count": {
      "mean": 167.96,
      "std": 9.5423
    },
    "output_tokens": {
      "mean": 399.66,
      "std": 34.0781
    }
  },
  "comparison": {
    "accuracy": {
      "mean": 1.0,
      "std": 0.0
    },
    "instruction_followed": {
      "mean": 1.0,
      "std": 0.0
    },
    "response_length": {
      "mean": 397.39,
      "std": 4.3313
    },
    "word_count": {
      "mean": 64.83,
      "std": 0.7727
    },
    "output_tokens": {
      "mean": 113.51,
      "std": 1.5201
    }
  },
  "even_count_8": {
    "accuracy": {
      "mean": 0.9967,
      "std": 0.0047
    },
    "instruction_followed": {
      "mean": 1.0,
      "std": 0.0
    },
    "response_length": {
      "mean": 675.37,
      "std": 128.6497
    },
    "word_count": {
      "mean": 126.08,
      "std": 25.4816
    },
    "output_tokens": {
      "mean": 230.57,
      "std": 40.7321
    }
  },
  "even_count_16": {
    "accuracy": {
      "mean": 0.87,
      "std": 0.0082
    },
    "instruction_followed": {
      "mean": 1.0,
      "std": 0.0
    },
    "response_length": {
      "mean": 882.7,
      "std": 127.5521
    },
    "word_count": {
      "mean": 164.15,
      "std": 26.6775
    },
    "output_tokens": {
      "mean": 351.58,
      "std": 51.0766
    }
  },
  "find_minimum_8": {
    "accuracy": {
      "mean": 0.9967,
      "std": 0.0047
    },
    "instruction_followed": {
      "mean": 0.99,
      "std": 0.0082
    },
    "response_length": {
      "mean": 743.32,
      "std": 134.2198
    },
    "word_count": {
      "mean": 127.58,
      "std": 21.7652
    },
    "output_tokens": {
      "mean": 247.52,
      "std": 47.2251
    }
  },
  "find_minimum_16": {
    "accuracy": {
      "mean": 0.99,
      "std": 0.0
    },
    "instruction_followed": {
      "mean": 1.0,
      "std": 0.0
    },
    "response_length": {
      "mean": 1041.12,
      "std": 73.4776
    },
    "word_count": {
      "mean": 183.69,
      "std": 11.3666
    },
    "output_tokens": {
      "mean": 379.77,
      "std": 34.5079
    }
  },
  "mean_8": {
    "accuracy": {
      "mean": 0.8867,
      "std": 0.0236
    },
    "instruction_followed": {
      "mean": 1.0,
      "std": 0.0
    },
    "response_length": {
      "mean": 1017.88,
      "std": 86.9624
    },
    "word_count": {
      "mean": 206.58,
      "std": 14.8996
    },
    "output_tokens": {
      "mean": 425.6,
      "std": 36.0626
    }
  },
  "mean_16": {
    "accuracy": {
      "mean": 0.0,
      "std": 0.0
    },
    "instruction_followed": {
      "mean": 1.0,
      "std": 0.0
    },
    "response_length": {
      "mean": 1202.66,
      "std": 66.7758
    },
    "word_count": {
      "mean": 253.83,
      "std": 11.6494
    },
    "output_tokens": {
      "mean": 511.7,
      "std": 5.1298
    }
  }
}