{
  "sorting_8": {
    "accuracy": {
      "mean": 0.8933,
      "std": 0.0125
    },
    "instruction_followed": {
      "mean": 0.98,
      "std": 0.0082
    },
    "response_length": {
      "mean": 827.65,
      "std": 192.3469
    },
    "word_count": {
      "mean": 144.55,
      "std": 28.7984
    },
    "output_tokens": {
      "mean": 310.72,
      "std": 52.6739
    }
  },
  "sorting_16": {
    "accuracy": {
      "mean": 0.25,
      "std": 0.0245
    },
    "instruction_followed": {
      "mean": 0.9467,
      "std": 0.0125
    },
    "response_length": {
      "mean": 1190.08,
      "std": 160.1065
    },
    "word_count": {
      "mean": 214.17,
      "std": 25.2876
    },
    "output_tokens": {
      "mean": 484.26,
      "std": 37.2803
    }
  },
  "comparison": {
    "accuracy": {
      "mean": 0.1667,
      "std": 0.017
    },
    "instruction_followed": {
      "mean": 0.1667,
      "std": 0.017
    },
    "response_length": {
      "mean": 578.78,
      "std": 19.2862
    },
    "word_count": {
      "mean": 96.31,
      "std": 3.5001
    },
    "output_tokens": {
      "mean": 169.84,
      "std": 5.2293
    }
  },
  "even_count_8": {
    "accuracy": {
      "mean": 0.8567,
      "std": 0.0125
    },
    "instruction_followed": {
      "mean": 0.9967,
      "std": 0.0047
    },
    "response_length": {
      "mean": 734.68,
      "std": 155.506
    },
    "word_count": {
      "mean": 142.7,
      "std": 28.6043
    },
    "output_tokens": {
      "mean": 251.11,
      "std": 47.4459
    }
  },
  "even_count_16": {
    "accuracy": {
      "mean": 0.4033,
      "std": 0.017
    },
    "instruction_followed": {
      "mean": 0.9867,
      "std": 0.0094
    },
    "response_length": {
      "mean": 968.45,
      "std": 165.8648
    },
    "word_count": {
      "mean": 190.5,
      "std": 35.4388
    },
    "output_tokens": {
      "mean": 362.62,
      "std": 67.8802
    }
  },
  "find_minimum_8": {
    "accuracy": {
      "mean": 0.89,
      "std": 0.0245
    },
    "instruction_followed": {
      "mean": 0.9733,
      "std": 0.0047
    },
    "response_length": {
      "mean": 862.5,
      "std": 243.1622
    },
    "word_count": {
      "mean": 148.15,
      "std": 37.4331
    },
    "output_tokens": {
      "mean": 281.0,
      "std": 75.6503
    }
  },
  "find_minimum_16": {
    "accuracy": {
      "mean": 0.7933,
      "std": 0.033
    },
    "instruction_followed": {
      "mean": 0.8567,
      "std": 0.0309
    },
    "response_length": {
      "mean": 1114.43,
      "std": 176.2348
    },
    "word_count": {
      "mean": 198.36,
      "std": 26.2509
    },
    "output_tokens": {
      "mean": 402.74,
      "std": 61.3574
    }
  },
  "mean_8": {
    "accuracy": {
      "mean": 0.5933,
      "std": 0.0309
    },
    "instruction_followed": {
      "mean": 1.0,
      "std": 0.0
    },
    "response_length": {
      "mean": 1107.0,
      "std": 154.4629
    },
    "word_count": {
      "mean": 217.1,
      "std": 27.329
    },
    "output_tokens": {
      "mean": 439.43,
      "std": 53.5635
    }
  },
  "mean_16": {
    "accuracy": {
      "mean": 0.0,
      "std": 0.0
    },
    "instruction_followed": {
      "mean": 0.9733,
      "std": 0.0047
    },
    "response_length": {
      "mean": 1259.03,
      "std": 141.9914
    },
    "word_count": {
      "mean": 256.34,
      "std": 17.7879
    },
    "output_tokens": {
      "mean": 509.02,
      "std": 16.1375
    }
  }
}