{
  "sorting_8": {
    "accuracy": {
      "mean": 0.9967,
      "std": 0.0047
    },
    "instruction_followed": {
      "mean": 1.0,
      "std": 0.0
    },
    "response_length": {
      "mean": 453.24,
      "std": 115.9812
    },
    "word_count": {
      "mean": 79.11,
      "std": 19.2934
    },
    "output_tokens": {
      "mean": 199.17,
      "std": 42.6627
    }
  },
  "sorting_16": {
    "accuracy": {
      "mean": 0.89,
      "std": 0.0216
    },
    "instruction_followed": {
      "mean": 1.0,
      "std": 0.0
    },
    "response_length": {
      "mean": 472.47,
      "std": 110.0313
    },
    "word_count": {
      "mean": 84.91,
      "std": 19.001
    },
    "output_tokens": {
      "mean": 267.19,
      "std": 55.9366
    }
  },
  "comparison": {
    "accuracy": {
      "mean": 1.0,
      "std": 0.0
    },
    "instruction_followed": {
      "mean": 1.0,
      "std": 0.0
    },
    "response_length": {
      "mean": 472.47,
      "std": 110.0313
    },
    "word_count": {
      "mean": 84.91,
      "std": 19.001
    },
    "output_tokens": {
      "mean": 267.19,
      "std": 55.9366
    }
  },
  "even_count_8": {
    "accuracy": {
      "mean": 0.95,
      "std": 0.0082
    },
    "instruction_followed": {
      "mean": 1.0,
      "std": 0.0
    },
    "response_length": {
      "mean": 446.15,
      "std": 108.3836
    },
    "word_count": {
      "mean": 88.53,
      "std": 21.1191
    },
    "output_tokens": {
      "mean": 173.55,
      "std": 41.2571
    }
  },
  "even_count_16": {
    "accuracy": {
      "mean": 0.8667,
      "std": 0.034
    },
    "instruction_followed": {
      "mean": 1.0,
      "std": 0.0
    },
    "response_length": {
      "mean": 560.28,
      "std": 136.3476
    },
    "word_count": {
      "mean": 115.13,
      "std": 30.4145
    },
    "output_tokens": {
      "mean": 240.98,
      "std": 62.4396
    }
  },
  "find_minimum_8": {
    "accuracy": {
      "mean": 0.9467,
      "std": 0.0125
    },
    "instruction_followed": {
      "mean": 1.0,
      "std": 0.0
    },
    "response_length": {
      "mean": 641.43,
      "std": 203.0152
    },
    "word_count": {
      "mean": 108.57,
      "std": 34.2087
    },
    "output_tokens": {
      "mean": 231.02,
      "std": 77.665
    }
  },
  "find_minimum_16": {
    "accuracy": {
      "mean": 0.9167,
      "std": 0.0205
    },
    "instruction_followed": {
      "mean": 1.0,
      "std": 0.0
    },
    "response_length": {
      "mean": 698.67,
      "std": 347.4573
    },
    "word_count": {
      "mean": 118.28,
      "std": 56.8936
    },
    "output_tokens": {
      "mean": 275.17,
      "std": 139.0249
    }
  },
  "mean_8": {
    "accuracy": {
      "mean": 0.64,
      "std": 0.0497
    },
    "instruction_followed": {
      "mean": 1.0,
      "std": 0.0
    },
    "response_length": {
      "mean": 650.36,
      "std": 141.1718
    },
    "word_count": {
      "mean": 136.3,
      "std": 32.8059
    },
    "output_tokens": {
      "mean": 304.18,
      "std": 74.0927
    }
  },
  "mean_16": {
    "accuracy": {
      "mean": 0.4467,
      "std": 0.0287
    },
    "instruction_followed": {
      "mean": 1.0,
      "std": 0.0
    },
    "response_length": {
      "mean": 975.15,
      "std": 201.2623
    },
    "word_count": {
      "mean": 220.35,
      "std": 57.0268
    },
    "output_tokens": {
      "mean": 540.73,
      "std": 145.9797
    }
  }
}