{
  "sorting_8": {
    "accuracy": {
      "mean": 0.9867,
      "std": 0.0047
    },
    "instruction_followed": {
      "mean": 1.0,
      "std": 0.0
    },
    "response_length": {
      "mean": 462.39,
      "std": 94.2735
    },
    "word_count": {
      "mean": 81.45,
      "std": 15.2999
    },
    "output_tokens": {
      "mean": 207.33,
      "std": 36.2323
    }
  },
  "sorting_16": {
    "accuracy": {
      "mean": 0.7333,
      "std": 0.0205
    },
    "instruction_followed": {
      "mean": 1.0,
      "std": 0.0
    },
    "response_length": {
      "mean": 417.1,
      "std": 131.8707
    },
    "word_count": {
      "mean": 76.28,
      "std": 23.2947
    },
    "output_tokens": {
      "mean": 228.07,
      "std": 66.037
    }
  },
  "comparison": {
    "accuracy": {
      "mean": 1.0,
      "std": 0.0
    },
    "instruction_followed": {
      "mean": 1.0,
      "std": 0.0
    },
    "response_length": {
      "mean": 417.1,
      "std": 131.8707
    },
    "word_count": {
      "mean": 76.28,
      "std": 23.2947
    },
    "output_tokens": {
      "mean": 228.07,
      "std": 66.037
    }
  },
  "even_count_8": {
    "accuracy": {
      "mean": 0.9767,
      "std": 0.0094
    },
    "instruction_followed": {
      "mean": 1.0,
      "std": 0.0
    },
    "response_length": {
      "mean": 458.5,
      "std": 96.0333
    },
    "word_count": {
      "mean": 89.86,
      "std": 18.3086
    },
    "output_tokens": {
      "mean": 177.1,
      "std": 35.251
    }
  },
  "even_count_16": {
    "accuracy": {
      "mean": 0.9233,
      "std": 0.0094
    },
    "instruction_followed": {
      "mean": 1.0,
      "std": 0.0
    },
    "response_length": {
      "mean": 627.28,
      "std": 119.6325
    },
    "word_count": {
      "mean": 130.26,
      "std": 24.91
    },
    "output_tokens": {
      "mean": 269.22,
      "std": 59.1008
    }
  },
  "find_minimum_8": {
    "accuracy": {
      "mean": 0.96,
      "std": 0.0082
    },
    "instruction_followed": {
      "mean": 1.0,
      "std": 0.0
    },
    "response_length": {
      "mean": 768.11,
      "std": 198.2151
    },
    "word_count": {
      "mean": 131.04,
      "std": 34.5157
    },
    "output_tokens": {
      "mean": 268.64,
      "std": 69.8117
    }
  },
  "find_minimum_16": {
    "accuracy": {
      "mean": 0.8967,
      "std": 0.0125
    },
    "instruction_followed": {
      "mean": 1.0,
      "std": 0.0
    },
    "response_length": {
      "mean": 653.41,
      "std": 259.8626
    },
    "word_count": {
      "mean": 112.2,
      "std": 44.868
    },
    "output_tokens": {
      "mean": 238.56,
      "std": 96.0631
    }
  },
  "mean_8": {
    "accuracy": {
      "mean": 0.7767,
      "std": 0.017
    },
    "instruction_followed": {
      "mean": 1.0,
      "std": 0.0
    },
    "response_length": {
      "mean": 719.99,
      "std": 95.0645
    },
    "word_count": {
      "mean": 153.01,
      "std": 23.4485
    },
    "output_tokens": {
      "mean": 338.4,
      "std": 54.8184
    }
  },
  "mean_16": {
    "accuracy": {
      "mean": 0.5567,
      "std": 0.017
    },
    "instruction_followed": {
      "mean": 1.0,
      "std": 0.0
    },
    "response_length": {
      "mean": 1049.8,
      "std": 181.7233
    },
    "word_count": {
      "mean": 246.01,
      "std": 59.6792
    },
    "output_tokens": {
      "mean": 601.5,
      "std": 147.7754
    }
  }
}