{
  "sorting_8": {
    "accuracy": {
      "mean": 0.4967,
      "std": 0.0519
    },
    "instruction_followed": {
      "mean": 0.8933,
      "std": 0.033
    },
    "response_length": {
      "mean": 792.04,
      "std": 317.4989
    },
    "word_count": {
      "mean": 141.42,
      "std": 51.1378
    },
    "output_tokens": {
      "mean": 281.57,
      "std": 89.2506
    }
  },
  "sorting_16": {
    "accuracy": {
      "mean": 0.02,
      "std": 0.0163
    },
    "instruction_followed": {
      "mean": 0.68,
      "std": 0.0374
    },
    "response_length": {
      "mean": 1099.11,
      "std": 322.3673
    },
    "word_count": {
      "mean": 206.85,
      "std": 56.9544
    },
    "output_tokens": {
      "mean": 453.57,
      "std": 98.8462
    }
  },
  "comparison": {
    "accuracy": {
      "mean": 0.7333,
      "std": 0.0591
    },
    "instruction_followed": {
      "mean": 0.8467,
      "std": 0.0531
    },
    "response_length": {
      "mean": 303.25,
      "std": 8.6476
    },
    "word_count": {
      "mean": 51.38,
      "std": 1.6072
    },
    "output_tokens": {
      "mean": 84.48,
      "std": 3.1074
    }
  },
  "even_count_8": {
    "accuracy": {
      "mean": 0.47,
      "std": 0.0408
    },
    "instruction_followed": {
      "mean": 0.98,
      "std": 0.0
    },
    "response_length": {
      "mean": 767.74,
      "std": 154.8368
    },
    "word_count": {
      "mean": 147.23,
      "std": 29.4051
    },
    "output_tokens": {
      "mean": 265.13,
      "std": 51.686
    }
  },
  "even_count_16": {
    "accuracy": {
      "mean": 0.1867,
      "std": 0.0205
    },
    "instruction_followed": {
      "mean": 0.9633,
      "std": 0.0094
    },
    "response_length": {
      "mean": 1033.78,
      "std": 153.6042
    },
    "word_count": {
      "mean": 200.72,
      "std": 29.515
    },
    "output_tokens": {
      "mean": 401.37,
      "std": 56.1278
    }
  },
  "find_minimum_8": {
    "accuracy": {
      "mean": 0.6667,
      "std": 0.0368
    },
    "instruction_followed": {
      "mean": 0.9167,
      "std": 0.0094
    },
    "response_length": {
      "mean": 864.68,
      "std": 246.1021
    },
    "word_count": {
      "mean": 150.87,
      "std": 42.17
    },
    "output_tokens": {
      "mean": 277.36,
      "std": 81.1014
    }
  },
  "find_minimum_16": {
    "accuracy": {
      "mean": 0.4467,
      "std": 0.0125
    },
    "instruction_followed": {
      "mean": 0.8033,
      "std": 0.0262
    },
    "response_length": {
      "mean": 1171.95,
      "std": 223.6884
    },
    "word_count": {
      "mean": 208.38,
      "std": 35.2963
    },
    "output_tokens": {
      "mean": 408.18,
      "std": 69.0239
    }
  },
  "mean_8": {
    "accuracy": {
      "mean": 0.39,
      "std": 0.0216
    },
    "instruction_followed": {
      "mean": 0.9967,
      "std": 0.0047
    },
    "response_length": {
      "mean": 1067.12,
      "std": 168.5826
    },
    "word_count": {
      "mean": 210.09,
      "std": 32.2876
    },
    "output_tokens": {
      "mean": 425.39,
      "std": 71.4849
    }
  },
  "mean_16": {
    "accuracy": {
      "mean": 0.0,
      "std": 0.0
    },
    "instruction_followed": {
      "mean": 0.9433,
      "std": 0.0205
    },
    "response_length": {
      "mean": 1273.35,
      "std": 162.6303
    },
    "word_count": {
      "mean": 252.2,
      "std": 21.2887
    },
    "output_tokens": {
      "mean": 505.82,
      "std": 21.7992
    }
  }
}