{
  "sorting_8": {
    "accuracy": {
      "mean": 0.9467,
      "std": 0.0094
    },
    "instruction_followed": {
      "mean": 1.0,
      "std": 0.0
    },
    "response_length": {
      "mean": 593.65,
      "std": 254.1683
    },
    "word_count": {
      "mean": 103.26,
      "std": 40.6727
    },
    "output_tokens": {
      "mean": 244.88,
      "std": 95.1371
    }
  },
  "sorting_16": {
    "accuracy": {
      "mean": 0.5,
      "std": 0.0082
    },
    "instruction_followed": {
      "mean": 0.9967,
      "std": 0.0047
    },
    "response_length": {
      "mean": 824.82,
      "std": 569.2558
    },
    "word_count": {
      "mean": 146.75,
      "std": 98.999
    },
    "output_tokens": {
      "mean": 406.41,
      "std": 237.236
    }
  },
  "comparison": {
    "accuracy": {
      "mean": 0.6433,
      "std": 0.045
    },
    "instruction_followed": {
      "mean": 0.6667,
      "std": 0.045
    },
    "response_length": {
      "mean": 461.64,
      "std": 13.0199
    },
    "word_count": {
      "mean": 81.68,
      "std": 2.4841
    },
    "output_tokens": {
      "mean": 130.76,
      "std": 4.3351
    }
  },
  "even_count_8": {
    "accuracy": {
      "mean": 0.9,
      "std": 0.0356
    },
    "instruction_followed": {
      "mean": 0.9967,
      "std": 0.0047
    },
    "response_length": {
      "mean": 589.75,
      "std": 174.5244
    },
    "word_count": {
      "mean": 123.04,
      "std": 36.9625
    },
    "output_tokens": {
      "mean": 212.95,
      "std": 74.1051
    }
  },
  "even_count_16": {
    "accuracy": {
      "mean": 0.4467,
      "std": 0.0249
    },
    "instruction_followed": {
      "mean": 1.0,
      "std": 0.0
    },
    "response_length": {
      "mean": 730.21,
      "std": 203.9433
    },
    "word_count": {
      "mean": 159.2,
      "std": 44.9645
    },
    "output_tokens": {
      "mean": 299.23,
      "std": 90.3562
    }
  },
  "find_minimum_8": {
    "accuracy": {
      "mean": 0.88,
      "std": 0.0082
    },
    "instruction_followed": {
      "mean": 1.0,
      "std": 0.0
    },
    "response_length": {
      "mean": 549.6,
      "std": 183.8327
    },
    "word_count": {
      "mean": 96.94,
      "std": 33.5125
    },
    "output_tokens": {
      "mean": 206.64,
      "std": 79.6063
    }
  },
  "find_minimum_16": {
    "accuracy": {
      "mean": 0.7533,
      "std": 0.0386
    },
    "instruction_followed": {
      "mean": 0.9567,
      "std": 0.017
    },
    "response_length": {
      "mean": 813.72,
      "std": 477.1417
    },
    "word_count": {
      "mean": 144.41,
      "std": 87.0025
    },
    "output_tokens": {
      "mean": 333.63,
      "std": 202.7376
    }
  },
  "mean_8": {
    "accuracy": {
      "mean": 0.8333,
      "std": 0.0047
    },
    "instruction_followed": {
      "mean": 1.0,
      "std": 0.0
    },
    "response_length": {
      "mean": 858.24,
      "std": 94.0809
    },
    "word_count": {
      "mean": 181.15,
      "std": 18.6891
    },
    "output_tokens": {
      "mean": 386.68,
      "std": 38.6756
    }
  },
  "mean_16": {
    "accuracy": {
      "mean": 0.4667,
      "std": 0.045
    },
    "instruction_followed": {
      "mean": 1.0,
      "std": 0.0
    },
    "response_length": {
      "mean": 1142.57,
      "std": 140.3995
    },
    "word_count": {
      "mean": 258.13,
      "std": 36.5169
    },
    "output_tokens": {
      "mean": 601.39,
      "std": 96.7382
    }
  }
}