{
  "sorting_8": {
    "accuracy": {
      "mean": 1.0,
      "std": 0.0
    },
    "instruction_followed": {
      "mean": 1.0,
      "std": 0.0
    },
    "response_length": {
      "mean": 452.87,
      "std": 94.5678
    },
    "word_count": {
      "mean": 79.64,
      "std": 15.5939
    },
    "output_tokens": {
      "mean": 200.5,
      "std": 36.0925
    }
  },
  "sorting_16": {
    "accuracy": {
      "mean": 0.7933,
      "std": 0.034
    },
    "instruction_followed": {
      "mean": 1.0,
      "std": 0.0
    },
    "response_length": {
      "mean": 426.91,
      "std": 104.8166
    },
    "word_count": {
      "mean": 77.66,
      "std": 17.6584
    },
    "output_tokens": {
      "mean": 232.8,
      "std": 52.1005
    }
  },
  "comparison": {
    "accuracy": {
      "mean": 1.0,
      "std": 0.0
    },
    "instruction_followed": {
      "mean": 1.0,
      "std": 0.0
    },
    "response_length": {
      "mean": 426.91,
      "std": 104.8166
    },
    "word_count": {
      "mean": 77.66,
      "std": 17.6584
    },
    "output_tokens": {
      "mean": 232.8,
      "std": 52.1005
    }
  },
  "even_count_8": {
    "accuracy": {
      "mean": 0.9367,
      "std": 0.0125
    },
    "instruction_followed": {
      "mean": 1.0,
      "std": 0.0
    },
    "response_length": {
      "mean": 444.09,
      "std": 107.386
    },
    "word_count": {
      "mean": 87.45,
      "std": 20.5584
    },
    "output_tokens": {
      "mean": 173.48,
      "std": 39.3034
    }
  },
  "even_count_16": {
    "accuracy": {
      "mean": 0.8933,
      "std": 0.0189
    },
    "instruction_followed": {
      "mean": 1.0,
      "std": 0.0
    },
    "response_length": {
      "mean": 611.24,
      "std": 117.7633
    },
    "word_count": {
      "mean": 127.57,
      "std": 25.5817
    },
    "output_tokens": {
      "mean": 263.11,
      "std": 57.5964
    }
  },
  "find_minimum_8": {
    "accuracy": {
      "mean": 0.94,
      "std": 0.0141
    },
    "instruction_followed": {
      "mean": 1.0,
      "std": 0.0
    },
    "response_length": {
      "mean": 720.37,
      "std": 212.0971
    },
    "word_count": {
      "mean": 122.46,
      "std": 37.0435
    },
    "output_tokens": {
      "mean": 257.7,
      "std": 74.4922
    }
  },
  "find_minimum_16": {
    "accuracy": {
      "mean": 0.9367,
      "std": 0.0094
    },
    "instruction_followed": {
      "mean": 1.0,
      "std": 0.0
    },
    "response_length": {
      "mean": 672.84,
      "std": 281.8553
    },
    "word_count": {
      "mean": 115.49,
      "std": 48.7524
    },
    "output_tokens": {
      "mean": 253.82,
      "std": 107.198
    }
  },
  "mean_8": {
    "accuracy": {
      "mean": 0.7033,
      "std": 0.0492
    },
    "instruction_followed": {
      "mean": 1.0,
      "std": 0.0
    },
    "response_length": {
      "mean": 682.47,
      "std": 116.9312
    },
    "word_count": {
      "mean": 143.91,
      "std": 27.5089
    },
    "output_tokens": {
      "mean": 320.04,
      "std": 63.9046
    }
  },
  "mean_16": {
    "accuracy": {
      "mean": 0.6233,
      "std": 0.0419
    },
    "instruction_followed": {
      "mean": 1.0,
      "std": 0.0
    },
    "response_length": {
      "mean": 1034.36,
      "std": 162.6168
    },
    "word_count": {
      "mean": 239.61,
      "std": 50.8566
    },
    "output_tokens": {
      "mean": 586.86,
      "std": 123.9176
    }
  }
}