{
  "sorting_8": {
    "accuracy": {
      "mean": 0.0967,
      "std": 0.017
    },
    "instruction_followed": {
      "mean": 0.7667,
      "std": 0.0205
    },
    "response_length": {
      "mean": 992.61,
      "std": 339.2232
    },
    "word_count": {
      "mean": 172.55,
      "std": 54.6086
    },
    "output_tokens": {
      "mean": 335.26,
      "std": 91.6117
    }
  },
  "sorting_16": {
    "accuracy": {
      "mean": 0.0,
      "std": 0.0
    },
    "instruction_followed": {
      "mean": 0.48,
      "std": 0.0082
    },
    "response_length": {
      "mean": 1351.61,
      "std": 297.8241
    },
    "word_count": {
      "mean": 240.99,
      "std": 43.3383
    },
    "output_tokens": {
      "mean": 499.12,
      "std": 43.9778
    }
  },
  "comparison": {
    "accuracy": {
      "mean": 0.3333,
      "std": 0.017
    },
    "instruction_followed": {
      "mean": 0.5167,
      "std": 0.045
    },
    "response_length": {
      "mean": 568.66,
      "std": 5.035
    },
    "word_count": {
      "mean": 99.27,
      "std": 0.7727
    },
    "output_tokens": {
      "mean": 165.27,
      "std": 1.3527
    }
  },
  "even_count_8": {
    "accuracy": {
      "mean": 0.15,
      "std": 0.0572
    },
    "instruction_followed": {
      "mean": 0.7633,
      "std": 0.0125
    },
    "response_length": {
      "mean": 803.12,
      "std": 230.8492
    },
    "word_count": {
      "mean": 151.66,
      "std": 46.3247
    },
    "output_tokens": {
      "mean": 275.52,
      "std": 79.9781
    }
  },
  "even_count_16": {
    "accuracy": {
      "mean": 0.05,
      "std": 0.0163
    },
    "instruction_followed": {
      "mean": 0.6067,
      "std": 0.0471
    },
    "response_length": {
      "mean": 1085.36,
      "std": 261.491
    },
    "word_count": {
      "mean": 204.53,
      "std": 50.3707
    },
    "output_tokens": {
      "mean": 401.23,
      "std": 85.7426
    }
  },
  "find_minimum_8": {
    "accuracy": {
      "mean": 0.18,
      "std": 0.0216
    },
    "instruction_followed": {
      "mean": 0.8667,
      "std": 0.0309
    },
    "response_length": {
      "mean": 904.56,
      "std": 208.8164
    },
    "word_count": {
      "mean": 160.86,
      "std": 38.5816
    },
    "output_tokens": {
      "mean": 293.42,
      "std": 82.5238
    }
  },
  "find_minimum_16": {
    "accuracy": {
      "mean": 0.0867,
      "std": 0.0094
    },
    "instruction_followed": {
      "mean": 0.61,
      "std": 0.0216
    },
    "response_length": {
      "mean": 1253.46,
      "std": 213.0272
    },
    "word_count": {
      "mean": 225.04,
      "std": 37.9234
    },
    "output_tokens": {
      "mean": 431.83,
      "std": 75.6378
    }
  },
  "mean_8": {
    "accuracy": {
      "mean": 0.0433,
      "std": 0.0125
    },
    "instruction_followed": {
      "mean": 0.9933,
      "std": 0.0047
    },
    "response_length": {
      "mean": 1132.9,
      "std": 174.1982
    },
    "word_count": {
      "mean": 222.22,
      "std": 36.3894
    },
    "output_tokens": {
      "mean": 430.91,
      "std": 84.1016
    }
  },
  "mean_16": {
    "accuracy": {
      "mean": 0.0,
      "std": 0.0
    },
    "instruction_followed": {
      "mean": 0.88,
      "std": 0.0216
    },
    "response_length": {
      "mean": 1354.01,
      "std": 154.7836
    },
    "word_count": {
      "mean": 261.62,
      "std": 21.5473
    },
    "output_tokens": {
      "mean": 500.42,
      "std": 31.1055
    }
  }
}