{
  "sorting_8": {
    "accuracy": {
      "mean": 0.35,
      "std": 0.0163
    },
    "instruction_followed": {
      "mean": 1.0,
      "std": 0.0
    },
    "response_length": {
      "mean": 65.88,
      "std": 33.9437
    },
    "word_count": {
      "mean": 10.64,
      "std": 5.6115
    },
    "output_tokens": {
      "mean": 48.45,
      "std": 27.9049
    }
  },
  "sorting_16": {
    "accuracy": {
      "mean": 0.0033,
      "std": 0.0047
    },
    "instruction_followed": {
      "mean": 1.0,
      "std": 0.0
    },
    "response_length": {
      "mean": 220.65,
      "std": 162.3754
    },
    "word_count": {
      "mean": 38.47,
      "std": 28.3938
    },
    "output_tokens": {
      "mean": 184.58,
      "std": 138.9405
    }
  },
  "comparison": {
    "accuracy": {
      "mean": 0.1267,
      "std": 0.0047
    },
    "instruction_followed": {
      "mean": 0.47,
      "std": 0.0216
    },
    "response_length": {
      "mean": 13.59,
      "std": 0.1838
    },
    "word_count": {
      "mean": 2.0,
      "std": 0.0
    },
    "output_tokens": {
      "mean": 4.88,
      "std": 0.0864
    }
  },
  "even_count_8": {
    "accuracy": {
      "mean": 0.15,
      "std": 0.0245
    },
    "instruction_followed": {
      "mean": 0.0167,
      "std": 0.0047
    },
    "response_length": {
      "mean": 13.54,
      "std": 97.6412
    },
    "word_count": {
      "mean": 3.64,
      "std": 21.1715
    },
    "output_tokens": {
      "mean": 6.83,
      "std": 36.8857
    }
  },
  "even_count_16": {
    "accuracy": {
      "mean": 0.05,
      "std": 0.0294
    },
    "instruction_followed": {
      "mean": 0.02,
      "std": 0.0082
    },
    "response_length": {
      "mean": 22.6,
      "std": 126.3951
    },
    "word_count": {
      "mean": 5.65,
      "std": 28.141
    },
    "output_tokens": {
      "mean": 11.96,
      "std": 58.684
    }
  },
  "find_minimum_8": {
    "accuracy": {
      "mean": 0.2533,
      "std": 0.0377
    },
    "instruction_followed": {
      "mean": 0.0,
      "std": 0.0
    },
    "response_length": {
      "mean": 3.76,
      "std": 0.5678
    },
    "word_count": {
      "mean": 1.0,
      "std": 0.0
    },
    "output_tokens": {
      "mean": 4.76,
      "std": 0.5678
    }
  },
  "find_minimum_16": {
    "accuracy": {
      "mean": 0.23,
      "std": 0.0163
    },
    "instruction_followed": {
      "mean": 0.0,
      "std": 0.0
    },
    "response_length": {
      "mean": 3.82,
      "std": 0.4976
    },
    "word_count": {
      "mean": 1.0,
      "std": 0.0
    },
    "output_tokens": {
      "mean": 4.82,
      "std": 0.4976
    }
  },
  "mean_8": {
    "accuracy": {
      "mean": 0.1567,
      "std": 0.017
    },
    "instruction_followed": {
      "mean": 0.9967,
      "std": 0.0047
    },
    "response_length": {
      "mean": 360.11,
      "std": 396.6808
    },
    "word_count": {
      "mean": 70.75,
      "std": 77.9575
    },
    "output_tokens": {
      "mean": 173.24,
      "std": 182.6978
    }
  },
  "mean_16": {
    "accuracy": {
      "mean": 0.0,
      "std": 0.0
    },
    "instruction_followed": {
      "mean": 1.0,
      "std": 0.0
    },
    "response_length": {
      "mean": 355.88,
      "std": 431.6149
    },
    "word_count": {
      "mean": 77.75,
      "std": 95.1339
    },
    "output_tokens": {
      "mean": 194.3,
      "std": 232.3571
    }
  }
}